timestamp,user_id,ip_address,login_status,login_method,device_type,browser
2024-01-01 01:50:21,USER5381,249.82.165.19,SUCCESS,SSO,Desktop,Firefox
2024-01-01 02:41:27,USER1474,116.120.175.133,FAILED,SSO,Mobile,Edge
2024-01-01 05:16:03,USER3955,89.33.225.213,SUCCESS,PASSWORD,Tablet,Other
2024-01-01 05:47:59,USER5477,200.142.164.151,SUCCESS,2FA,Mobile,Other
2024-01-01 09:18:13,USER6062,47.197.248.34,SUCCESS,SSO,Tablet,Firefox
2024-01-01 09:36:43,USER6567,111.129.234.223,SUCCESS,PASSWORD,Mobile,Chrome
2024-01-01 09:46:19,USER6751,15.213.32.133,SUCCESS,BIOMETRIC,Mobile,Edge
2024-01-01 11:19:48,USER1100,40.78.43.42,FAILED,2FA,Tablet,Other
2024-01-01 12:16:59,USER3972,83.240.182.58,SUCCESS,BIOMETRIC,Desktop,Firefox
2024-01-01 13:28:44,USER3347,89.243.241.133,SUCCESS,SSO,Desktop,Other
2024-01-01 17:12:45,USER7566,230.73.217.21,SUCCESS,SSO,Desktop,Edge
2024-01-01 18:18:30,USER2140,65.51.163.245,FAILED,PASSWORD,Server,Edge
2024-01-01 18:55:43,USER3324,142.71.33.161,SUCCESS,BIOMETRIC,Tablet,Safari
2024-01-01 20:38:51,USER1502,78.158.137.24,SUCCESS,2FA,Desktop,Firefox
2024-01-02 00:15:12,USER2503,129.165.44.152,SUCCESS,PASSWORD,Mobile,Edge
2024-01-02 01:35:18,USER9691,242.149.40.44,SUCCESS,PASSWORD,Tablet,Safari
2024-01-02 03:09:40,USER4524,169.160.185.231,SUCCESS,PASSWORD,Desktop,Safari
2024-01-02 06:53:26,USER7163,155.87.216.237,SUCCESS,2FA,Mobile,Other
2024-01-02 07:30:39,USER7878,145.11.212.222,SUCCESS,BIOMETRIC,Tablet,Other
2024-01-02 10:25:17,USER8432,8.21.12.243,SUCCESS,PASSWORD,Desktop,Safari
2024-01-02 13:47:20,USER6585,165.198.148.68,SUCCESS,SSO,Mobile,Other
2024-01-02 19:04:15,USER3578,167.54.197.147,SUCCESS,PASSWORD,Desktop,Edge
2024-01-02 22:23:13,USER7062,107.159.164.8,SUCCESS,BIOMETRIC,Tablet,Chrome
2024-01-03 01:10:50,USER6105,128.228.161.140,SUCCESS,2FA,Server,Edge
2024-01-03 04:09:14,USER6314,75.165.245.78,SUCCESS,2FA,Tablet,Safari
2024-01-03 06:58:36,USER2391,124.63.207.207,SUCCESS,PASSWORD,Desktop,Safari
2024-01-03 07:10:26,USER1861,176.104.77.117,SUCCESS,PASSWORD,Tablet,Edge
2024-01-03 07:53:58,USER3549,19.177.16.41,SUCCESS,PASSWORD,Tablet,Other
2024-01-03 09:32:42,USER3579,113.107.124.119,SUCCESS,PASSWORD,Desktop,Other
2024-01-03 10:16:20,USER1815,53.88.156.37,SUCCESS,2FA,Tablet,Safari
2024-01-03 12:24:38,USER2336,81.221.184.82,SUCCESS,2FA,Desktop,Firefox
2024-01-03 15:01:47,USER5458,188.253.221.89,SUCCESS,BIOMETRIC,Mobile,Other
2024-01-03 16:15:17,USER8259,250.103.34.195,SUCCESS,BIOMETRIC,Desktop,Edge
2024-01-03 19:55:24,USER7947,95.132.144.28,FAILED,SSO,Desktop,Other
2024-01-04 02:56:44,USER8957,82.62.120.32,FAILED,2FA,Desktop,Edge
2024-01-04 06:18:14,USER8242,69.116.64.37,SUCCESS,BIOMETRIC,Mobile,Safari
2024-01-04 08:11:37,USER7785,25.13.75.243,SUCCESS,2FA,Desktop,Other
2024-01-04 11:49:35,USER5475,99.222.158.108,SUCCESS,PASSWORD,Mobile,Edge
2024-01-04 11:54:22,USER4531,64.247.222.231,SUCCESS,PASSWORD,Desktop,Safari
2024-01-04 11:54:35,USER9394,41.209.84.240,SUCCESS,PASSWORD,Desktop,Firefox
2024-01-04 11:56:53,USER2864,148.185.81.49,SUCCESS,BIOMETRIC,Mobile,Edge
2024-01-04 12:55:02,USER6655,196.41.128.255,SUCCESS,SSO,Mobile,Firefox
2024-01-04 12:55:32,USER8043,132.120.128.226,SUCCESS,PASSWORD,Desktop,Firefox
2024-01-04 13:23:40,USER2816,79.128.6.24,FAILED,SSO,Mobile,Chrome
2024-01-04 14:06:33,USER5640,242.101.130.118,SUCCESS,SSO,Tablet,Other
2024-01-04 14:07:41,USER8972,248.62.56.150,SUCCESS,PASSWORD,Mobile,Edge
2024-01-04 14:10:44,USER9633,91.13.13.73,SUCCESS,PASSWORD,Desktop,Firefox
2024-01-04 14:32:14,USER6053,127.153.226.216,SUCCESS,SSO,Desktop,Chrome
2024-01-04 15:45:58,USER1744,168.173.121.74,SUCCESS,SSO,Tablet,Safari
2024-01-04 18:13:29,USER4612,138.3.217.28,SUCCESS,2FA,Desktop,Edge
2024-01-04 20:19:53,USER7475,111.35.226.68,FAILED,SSO,Tablet,Firefox
2024-01-04 20:45:55,USER1897,187.94.196.104,SUCCESS,2FA,Mobile,Other
2024-01-04 21:56:34,USER1125,94.12.103.14,FAILED,SSO,Tablet,Chrome
2024-01-04 22:07:54,USER4349,146.144.50.93,FAILED,SSO,Mobile,Firefox
2024-01-04 23:04:30,USER5938,142.74.19.99,SUCCESS,2FA,Server,Other
2024-01-04 23:47:23,USER4460,130.116.196.141,FAILED,PASSWORD,Desktop,Firefox
2024-01-04 23:57:19,USER3248,72.212.254.160,SUCCESS,PASSWORD,Mobile,Edge
2024-01-05 01:02:19,USER5186,175.157.31.33,SUCCESS,PASSWORD,Desktop,Edge
2024-01-05 02:17:49,USER5742,250.25.101.96,SUCCESS,2FA,Desktop,Edge
2024-01-05 02:30:50,USER6375,204.253.87.143,SUCCESS,SSO,Mobile,Chrome
2024-01-05 07:55:10,USER2965,241.94.194.37,SUCCESS,SSO,Tablet,Edge
2024-01-05 08:39:40,USER1126,51.155.131.103,SUCCESS,PASSWORD,Server,Other
2024-01-05 11:48:10,USER9149,129.11.12.10,SUCCESS,PASSWORD,Mobile,Firefox
2024-01-05 11:56:04,USER8055,36.183.86.206,SUCCESS,PASSWORD,Desktop,Safari
2024-01-05 12:12:58,USER3878,122.133.117.39,SUCCESS,PASSWORD,Desktop,Other
2024-01-05 13:08:02,USER3116,156.229.132.36,SUCCESS,SSO,Mobile,Other
2024-01-05 13:55:41,USER7229,84.239.157.82,SUCCESS,PASSWORD,Desktop,Edge
2024-01-05 14:11:03,USER9725,42.101.254.158,SUCCESS,PASSWORD,Desktop,Chrome
2024-01-05 18:19:05,USER4770,190.216.77.152,SUCCESS,BIOMETRIC,Desktop,Firefox
2024-01-05 19:00:17,USER9196,87.130.213.131,FAILED,PASSWORD,Desktop,Chrome
2024-01-05 20:06:57,USER6802,137.126.182.145,SUCCESS,SSO,Desktop,Firefox
2024-01-05 21:30:35,USER2180,77.122.209.5,SUCCESS,2FA,Desktop,Firefox
2024-01-05 23:26:33,USER7505,95.85.173.29,SUCCESS,PASSWORD,Desktop,Chrome
2024-01-05 23:59:56,USER1693,251.107.150.79,SUCCESS,SSO,Desktop,Other
2024-01-06 02:38:04,USER8147,204.231.186.224,SUCCESS,2FA,Server,Firefox
2024-01-06 06:13:47,USER1307,177.162.7.153,SUCCESS,BIOMETRIC,Desktop,Chrome
2024-01-06 08:33:55,USER8532,122.68.248.168,SUCCESS,PASSWORD,Desktop,Firefox
2024-01-06 09:06:37,USER2275,201.249.199.149,SUCCESS,BIOMETRIC,Mobile,Safari
2024-01-06 11:22:13,USER6129,148.59.185.14,SUCCESS,PASSWORD,Desktop,Other
2024-01-06 14:00:46,USER8033,150.123.44.135,SUCCESS,PASSWORD,Tablet,Edge
2024-01-06 14:53:34,USER7626,162.185.159.199,FAILED,PASSWORD,Mobile,Firefox
2024-01-06 17:04:10,USER7843,216.98.38.211,SUCCESS,BIOMETRIC,Desktop,Safari
2024-01-06 18:27:40,USER5743,175.63.9.147,SUCCESS,PASSWORD,Desktop,Edge
2024-01-06 19:38:47,USER2887,243.180.29.49,SUCCESS,PASSWORD,Tablet,Edge
2024-01-06 21:27:38,USER7636,5.113.81.108,SUCCESS,SSO,Tablet,Firefox
2024-01-06 22:27:21,USER1341,39.106.177.53,SUCCESS,PASSWORD,Desktop,Chrome
2024-01-06 23:28:35,USER6321,106.129.199.157,SUCCESS,PASSWORD,Mobile,Firefox
2024-01-06 23:55:30,USER3815,236.121.224.218,SUCCESS,PASSWORD,Desktop,Safari
2024-01-07 02:26:26,USER8538,189.187.16.181,FAILED,PASSWORD,Server,Edge
2024-01-07 02:37:44,USER6928,36.133.54.144,SUCCESS,PASSWORD,Desktop,Firefox
2024-01-07 02:53:48,USER2443,84.170.123.135,SUCCESS,PASSWORD,Tablet,Chrome
2024-01-07 03:06:42,USER8155,97.81.245.45,SUCCESS,SSO,Mobile,Firefox
2024-01-07 07:32:38,USER2734,118.234.137.88,SUCCESS,PASSWORD,Mobile,Other
2024-01-07 09:13:03,USER4986,140.91.174.198,SUCCESS,PASSWORD,Mobile,Chrome
2024-01-07 11:27:04,USER8138,223.185.175.165,SUCCESS,2FA,Desktop,Safari
2024-01-07 16:23:39,USER7560,206.178.68.157,SUCCESS,PASSWORD,Desktop,Edge
2024-01-07 17:28:08,USER9584,124.50.246.64,SUCCESS,SSO,Desktop,Firefox
2024-01-07 20:13:16,USER2288,72.143.77.58,SUCCESS,PASSWORD,Desktop,Chrome
2024-01-07 20:40:38,USER7484,242.250.252.77,SUCCESS,PASSWORD,Mobile,Other
2024-01-07 21:15:42,USER6083,198.74.181.54,SUCCESS,PASSWORD,Desktop,Chrome
2024-01-07 21:45:20,USER6562,177.181.126.82,SUCCESS,PASSWORD,Desktop,Other
2024-01-08 00:04:45,USER4630,123.90.144.240,SUCCESS,PASSWORD,Server,Safari
2024-01-08 02:17:56,USER6456,240.204.185.71,SUCCESS,PASSWORD,Tablet,Edge
2024-01-08 02:21:01,USER3754,74.32.147.174,SUCCESS,PASSWORD,Tablet,Safari
2024-01-08 02:28:51,USER2251,140.98.230.251,FAILED,PASSWORD,Server,Firefox
2024-01-08 03:24:17,USER9363,102.210.89.245,SUCCESS,PASSWORD,Desktop,Chrome
2024-01-08 03:29:08,USER2868,198.206.38.75,SUCCESS,PASSWORD,Desktop,Other
2024-01-08 03:35:48,USER9693,11.74.245.183,SUCCESS,PASSWORD,Mobile,Other
2024-01-08 04:30:42,USER9355,21.89.237.114,SUCCESS,SSO,Mobile,Chrome
2024-01-08 04:50:36,USER4176,168.66.192.123,SUCCESS,SSO,Desktop,Chrome
2024-01-08 05:29:24,USER6724,55.52.212.138,SUCCESS,PASSWORD,Tablet,Firefox
2024-01-08 05:51:44,USER6752,70.239.144.179,SUCCESS,2FA,Desktop,Safari
2024-01-08 06:09:01,USER3419,70.36.28.158,FAILED,SSO,Desktop,Other
2024-01-08 08:25:08,USER4871,190.151.62.63,SUCCESS,PASSWORD,Mobile,Firefox
2024-01-08 08:28:04,USER2684,13.172.232.136,SUCCESS,2FA,Mobile,Safari
2024-01-08 08:50:50,USER3399,58.164.60.14,FAILED,BIOMETRIC,Mobile,Firefox
2024-01-08 09:05:54,USER5193,26.106.85.184,SUCCESS,PASSWORD,Desktop,Other
2024-01-08 09:45:18,USER4232,121.26.175.198,SUCCESS,PASSWORD,Tablet,Chrome
2024-01-08 12:44:15,USER3842,36.2.247.141,FAILED,2FA,Desktop,Chrome
2024-01-08 13:02:20,USER3504,251.238.41.105,SUCCESS,SSO,Desktop,Safari
2024-01-08 14:37:17,USER2234,168.240.226.225,SUCCESS,PASSWORD,Tablet,Edge
2024-01-08 15:01:39,USER3902,122.123.167.52,FAILED,PASSWORD,Server,Safari
2024-01-08 18:05:05,USER9095,194.247.74.83,SUCCESS,PASSWORD,Tablet,Edge
2024-01-08 19:51:22,USER8601,74.166.16.233,SUCCESS,PASSWORD,Tablet,Firefox
2024-01-08 20:12:39,USER8354,197.23.167.147,SUCCESS,SSO,Mobile,Firefox
2024-01-08 21:20:53,USER6295,60.137.190.186,SUCCESS,PASSWORD,Mobile,Other
2024-01-08 21:53:55,USER6179,218.240.10.234,SUCCESS,PASSWORD,Desktop,Edge
2024-01-08 22:10:19,USER3473,236.45.107.226,FAILED,SSO,Desktop,Other
2024-01-08 23:05:27,USER8205,215.46.240.236,SUCCESS,PASSWORD,Desktop,Chrome
2024-01-09 01:05:40,USER2118,10.215.102.202,SUCCESS,PASSWORD,Desktop,Edge
2024-01-09 02:49:17,USER8682,127.48.240.192,SUCCESS,SSO,Mobile,Safari
2024-01-09 03:56:06,USER8245,247.224.238.75,SUCCESS,2FA,Desktop,Chrome
2024-01-09 04:13:48,USER5961,225.10.3.77,SUCCESS,SSO,Desktop,Chrome
2024-01-09 04:15:47,USER5500,146.155.28.238,SUCCESS,SSO,Desktop,Safari
2024-01-09 05:07:42,USER1920,252.86.73.117,FAILED,PASSWORD,Mobile,Chrome
2024-01-09 05:50:44,USER6766,254.165.140.135,SUCCESS,PASSWORD,Desktop,Edge
2024-01-09 07:14:08,USER9312,127.228.241.35,SUCCESS,SSO,Tablet,Other
2024-01-09 10:39:44,USER2215,218.130.120.70,SUCCESS,PASSWORD,Desktop,Chrome
2024-01-09 11:09:43,USER6085,50.208.29.85,SUCCESS,PASSWORD,Desktop,Edge
2024-01-09 12:20:13,USER8565,42.188.118.166,FAILED,PASSWORD,Mobile,Firefox
2024-01-09 13:31:01,USER8404,66.184.48.4,FAILED,PASSWORD,Tablet,Edge
2024-01-09 13:53:30,USER1616,189.87.203.76,SUCCESS,PASSWORD,Desktop,Other
2024-01-09 17:00:33,USER1932,146.173.194.50,SUCCESS,PASSWORD,Mobile,Edge
2024-01-09 20:44:35,USER7041,45.157.220.164,SUCCESS,PASSWORD,Mobile,Safari
2024-01-09 21:00:57,USER5703,230.104.212.110,SUCCESS,PASSWORD,Desktop,Other
2024-01-09 21:48:46,USER2257,132.84.23.103,SUCCESS,2FA,Tablet,Firefox
2024-01-10 00:02:20,USER2479,172.25.48.252,SUCCESS,SSO,Mobile,Safari
2024-01-10 08:14:07,USER9307,36.123.83.240,SUCCESS,SSO,Mobile,Edge
2024-01-10 11:57:59,USER7299,64.2.67.99,SUCCESS,2FA,Tablet,Other
2024-01-10 12:35:53,USER8581,61.115.193.69,SUCCESS,PASSWORD,Tablet,Firefox
2024-01-10 18:27:19,USER1672,245.85.78.150,FAILED,PASSWORD,Mobile,Safari
2024-01-10 19:13:45,USER8368,186.147.3.67,SUCCESS,SSO,Tablet,Firefox
2024-01-10 19:47:52,USER4084,168.93.178.61,SUCCESS,SSO,Mobile,Edge
2024-01-10 20:26:07,USER6267,16.171.31.120,SUCCESS,SSO,Mobile,Firefox
2024-01-10 20:39:56,USER8792,79.41.104.176,FAILED,PASSWORD,Mobile,Chrome
2024-01-10 21:25:52,USER9214,129.237.230.228,SUCCESS,PASSWORD,Mobile,Safari
2024-01-10 21:37:23,USER3471,181.198.80.177,SUCCESS,PASSWORD,Desktop,Firefox
2024-01-10 22:18:01,USER2013,31.164.235.241,SUCCESS,PASSWORD,Tablet,Edge
2024-01-11 00:31:54,USER8381,76.95.158.57,SUCCESS,SSO,Tablet,Edge
2024-01-11 02:00:29,USER2695,57.246.35.123,SUCCESS,SSO,Desktop,Firefox
2024-01-11 03:05:24,USER6626,40.117.192.254,SUCCESS,PASSWORD,Tablet,Edge
2024-01-11 03:18:27,USER2381,156.96.107.180,SUCCESS,BIOMETRIC,Desktop,Other
2024-01-11 04:40:16,USER9266,141.234.121.194,SUCCESS,SSO,Desktop,Other
2024-01-11 05:31:13,USER3827,138.206.171.212,SUCCESS,PASSWORD,Mobile,Other
2024-01-11 06:43:40,USER1641,56.196.64.175,SUCCESS,PASSWORD,Desktop,Chrome
2024-01-11 10:57:34,USER5059,194.153.224.202,SUCCESS,PASSWORD,Tablet,Firefox
2024-01-11 12:44:18,USER8172,21.135.115.136,SUCCESS,PASSWORD,Tablet,Chrome
2024-01-11 13:20:42,USER8199,181.93.20.235,SUCCESS,PASSWORD,Mobile,Edge
2024-01-11 13:44:31,USER9586,145.29.16.213,SUCCESS,PASSWORD,Desktop,Chrome
2024-01-11 13:51:42,USER9564,141.232.130.52,SUCCESS,PASSWORD,Desktop,Edge
2024-01-11 14:28:28,USER3600,147.138.39.43,SUCCESS,PASSWORD,Mobile,Edge
2024-01-11 17:29:26,USER6962,84.219.134.114,SUCCESS,2FA,Server,Safari
2024-01-11 19:09:04,USER7108,30.175.53.184,SUCCESS,PASSWORD,Mobile,Other
2024-01-11 21:54:34,USER5634,150.126.24.231,SUCCESS,SSO,Desktop,Edge
2024-01-12 03:43:23,USER7347,131.115.208.15,SUCCESS,PASSWORD,Mobile,Safari
2024-01-12 03:48:17,USER7697,117.34.132.107,SUCCESS,BIOMETRIC,Mobile,Other
2024-01-12 05:19:00,USER6543,117.145.15.144,SUCCESS,PASSWORD,Mobile,Edge
2024-01-12 07:37:20,USER1857,119.173.207.79,SUCCESS,PASSWORD,Desktop,Edge
2024-01-12 08:21:17,USER6482,186.6.102.66,FAILED,BIOMETRIC,Mobile,Chrome
2024-01-12 13:09:15,USER2079,210.1.191.56,SUCCESS,2FA,Mobile,Chrome
2024-01-12 13:21:20,USER6401,149.19.12.109,SUCCESS,2FA,Server,Other
2024-01-12 20:32:25,USER2548,89.180.17.139,SUCCESS,PASSWORD,Desktop,Edge
2024-01-12 22:29:17,USER7333,255.16.240.229,FAILED,PASSWORD,Mobile,Firefox
2024-01-12 23:08:05,USER5655,18.253.240.121,FAILED,SSO,Tablet,Chrome
2024-01-13 01:10:24,USER5128,9.74.105.47,SUCCESS,BIOMETRIC,Desktop,Other
2024-01-13 07:09:41,USER3463,197.35.197.165,SUCCESS,SSO,Tablet,Edge
2024-01-13 08:12:07,USER6461,251.187.166.247,SUCCESS,SSO,Mobile,Edge
2024-01-13 08:32:34,USER2335,108.96.255.229,SUCCESS,PASSWORD,Desktop,Firefox
2024-01-13 10:40:45,USER3317,98.115.223.235,SUCCESS,2FA,Desktop,Other
2024-01-13 10:42:43,USER6731,233.97.97.21,SUCCESS,PASSWORD,Mobile,Edge
2024-01-13 11:14:08,USER6082,175.247.170.224,SUCCESS,PASSWORD,Desktop,Chrome
2024-01-13 13:34:47,USER7421,139.35.168.221,FAILED,PASSWORD,Mobile,Firefox
2024-01-13 13:46:06,USER3112,90.31.46.255,FAILED,SSO,Desktop,Other
2024-01-13 14:58:28,USER2388,138.101.136.33,SUCCESS,PASSWORD,Mobile,Firefox
2024-01-13 15:04:36,USER6072,187.251.58.214,SUCCESS,PASSWORD,Desktop,Chrome
2024-01-13 18:22:36,USER7171,1.194.6.251,SUCCESS,SSO,Tablet,Other
2024-01-13 18:36:42,USER6381,77.119.173.185,SUCCESS,PASSWORD,Server,Firefox
2024-01-13 18:44:01,USER3093,140.109.137.98,FAILED,SSO,Server,Safari
2024-01-13 19:33:18,USER9624,211.59.64.118,FAILED,PASSWORD,Mobile,Chrome
2024-01-13 20:05:54,USER2531,89.40.71.49,SUCCESS,PASSWORD,Desktop,Chrome
2024-01-13 22:09:45,USER7937,240.225.186.196,SUCCESS,SSO,Mobile,Chrome
2024-01-13 23:21:51,USER9331,29.9.208.170,SUCCESS,PASSWORD,Desktop,Safari
2024-01-14 01:01:05,USER6928,108.158.197.240,SUCCESS,PASSWORD,Desktop,Safari
2024-01-14 05:12:08,USER1298,227.228.5.62,FAILED,PASSWORD,Desktop,Edge
2024-01-14 05:17:29,USER6940,53.18.26.153,SUCCESS,PASSWORD,Desktop,Firefox
2024-01-14 05:46:33,USER6060,9.115.154.173,SUCCESS,BIOMETRIC,Mobile,Edge
2024-01-14 08:02:00,USER3953,181.224.13.63,SUCCESS,PASSWORD,Mobile,Firefox
2024-01-14 10:52:29,USER4509,190.12.103.113,SUCCESS,2FA,Desktop,Safari
2024-01-14 11:27:26,USER6598,60.139.56.194,SUCCESS,PASSWORD,Desktop,Safari
2024-01-14 14:56:14,USER8967,222.199.15.36,SUCCESS,SSO,Server,Edge
2024-01-14 18:38:41,USER4145,129.255.75.60,SUCCESS,2FA,Desktop,Other
2024-01-14 19:38:50,USER4711,209.235.188.148,SUCCESS,SSO,Desktop,Edge
2024-01-14 20:06:53,USER3253,82.148.154.198,SUCCESS,PASSWORD,Desktop,Firefox
2024-01-14 21:23:04,USER3538,173.210.83.61,SUCCESS,PASSWORD,Mobile,Edge
2024-01-14 21:37:36,USER2264,78.225.37.253,SUCCESS,PASSWORD,Mobile,Chrome
2024-01-14 23:35:21,USER5846,170.134.57.106,SUCCESS,BIOMETRIC,Desktop,Firefox
2024-01-15 02:09:48,USER2657,77.71.16.143,SUCCESS,2FA,Desktop,Firefox
2024-01-15 02:57:05,USER9317,243.152.226.189,SUCCESS,BIOMETRIC,Mobile,Other
2024-01-15 07:48:29,USER9843,234.45.161.174,SUCCESS,PASSWORD,Mobile,Safari
2024-01-15 08:48:15,USER9626,110.143.127.13,SUCCESS,SSO,Desktop,Firefox
2024-01-15 09:12:24,USER1618,249.89.242.165,SUCCESS,BIOMETRIC,Server,Safari
2024-01-15 10:21:48,USER6517,172.98.202.135,SUCCESS,PASSWORD,Desktop,Edge
2024-01-15 11:32:37,USER3147,82.179.107.105,SUCCESS,PASSWORD,Desktop,Chrome
2024-01-15 11:37:19,USER7172,39.77.97.48,SUCCESS,SSO,Tablet,Other
2024-01-15 11:42:47,USER3527,194.138.122.62,SUCCESS,SSO,Desktop,Safari
2024-01-15 13:52:46,USER3658,218.58.77.220,SUCCESS,2FA,Mobile,Firefox
2024-01-15 14:15:54,USER3962,182.37.207.119,FAILED,PASSWORD,Desktop,Safari
2024-01-15 16:16:35,USER3712,235.15.144.106,SUCCESS,2FA,Desktop,Firefox
2024-01-15 16:38:27,USER8170,248.107.143.136,FAILED,PASSWORD,Server,Safari
2024-01-15 20:01:03,USER1715,35.100.63.66,SUCCESS,PASSWORD,Desktop,Firefox
2024-01-15 20:16:29,USER7731,53.85.166.21,SUCCESS,PASSWORD,Tablet,Edge
2024-01-15 20:53:23,USER6968,237.116.217.95,SUCCESS,2FA,Desktop,Firefox
2024-01-15 22:19:44,USER4891,24.138.186.213,SUCCESS,SSO,Desktop,Firefox
2024-01-15 22:31:07,USER8277,49.14.69.97,SUCCESS,SSO,Desktop,Chrome
2024-01-15 23:03:43,USER5668,173.155.155.11,SUCCESS,PASSWORD,Mobile,Firefox
2024-01-16 03:06:15,USER8355,224.19.49.206,SUCCESS,2FA,Desktop,Chrome
2024-01-16 03:52:04,USER4833,195.151.186.172,SUCCESS,PASSWORD,Tablet,Other
2024-01-16 04:28:34,USER9749,144.56.123.54,SUCCESS,2FA,Desktop,Chrome
2024-01-16 07:29:35,USER4918,223.233.86.78,SUCCESS,PASSWORD,Server,Edge
2024-01-16 08:46:37,USER6070,245.233.4.55,SUCCESS,PASSWORD,Desktop,Chrome
2024-01-16 11:21:35,USER8684,240.49.247.190,FAILED,PASSWORD,Tablet,Other
2024-01-16 12:27:43,USER4178,31.192.194.123,FAILED,PASSWORD,Mobile,Edge
2024-01-16 14:05:38,USER7026,235.63.179.155,FAILED,SSO,Mobile,Safari
2024-01-16 14:21:11,USER8218,181.53.102.235,SUCCESS,SSO,Tablet,Safari
2024-01-16 15:13:55,USER8564,62.142.83.199,SUCCESS,PASSWORD,Mobile,Chrome
2024-01-16 17:33:22,USER5616,73.98.120.137,FAILED,2FA,Mobile,Chrome
2024-01-16 19:26:17,USER7256,167.92.79.67,SUCCESS,PASSWORD,Desktop,Other
2024-01-17 03:24:57,USER9239,93.132.226.128,FAILED,SSO,Desktop,Other
2024-01-17 09:42:26,USER9641,120.26.206.252,FAILED,BIOMETRIC,Tablet,Firefox
2024-01-17 10:59:16,USER7859,185.121.195.215,FAILED,SSO,Mobile,Other
2024-01-17 13:36:43,USER3655,82.235.53.95,SUCCESS,PASSWORD,Mobile,Firefox
2024-01-17 14:03:35,USER4271,81.106.12.145,SUCCESS,BIOMETRIC,Desktop,Edge
2024-01-17 14:07:15,USER3267,222.57.190.38,FAILED,SSO,Desktop,Chrome
2024-01-17 15:05:48,USER5096,5.67.142.240,SUCCESS,PASSWORD,Desktop,Edge
2024-01-17 16:58:17,USER1854,150.149.185.107,SUCCESS,PASSWORD,Mobile,Other
2024-01-17 20:21:00,USER8873,76.40.51.85,SUCCESS,2FA,Desktop,Edge
2024-01-18 00:35:26,USER7081,59.98.146.214,FAILED,SSO,Desktop,Edge
2024-01-18 00:38:59,USER2680,63.128.141.168,SUCCESS,SSO,Desktop,Edge
2024-01-18 01:22:14,USER9452,242.176.87.66,SUCCESS,2FA,Desktop,Other
2024-01-18 03:29:23,USER3042,196.211.126.248,SUCCESS,2FA,Mobile,Edge
2024-01-18 04:12:26,USER5670,186.165.190.126,SUCCESS,PASSWORD,Desktop,Firefox
2024-01-18 04:59:18,USER2374,118.44.188.204,FAILED,PASSWORD,Mobile,Other
2024-01-18 06:32:16,USER3626,91.44.36.185,SUCCESS,PASSWORD,Desktop,Edge
2024-01-18 06:37:13,USER5469,140.126.48.235,SUCCESS,SSO,Desktop,Other
2024-01-18 07:41:09,USER8361,228.139.254.165,FAILED,PASSWORD,Desktop,Safari
2024-01-18 14:26:03,USER9410,246.16.135.9,SUCCESS,SSO,Desktop,Firefox
2024-01-18 16:58:00,USER3414,215.217.20.242,SUCCESS,2FA,Desktop,Edge
2024-01-18 17:16:47,USER8167,210.172.13.196,SUCCESS,2FA,Desktop,Safari
2024-01-18 19:20:48,USER2502,2.106.36.216,SUCCESS,PASSWORD,Mobile,Safari
2024-01-18 20:22:03,USER4637,162.60.18.182,SUCCESS,2FA,Desktop,Other
2024-01-18 23:44:12,USER8391,39.3.56.130,SUCCESS,PASSWORD,Mobile,Safari
2024-01-18 23:55:13,USER6727,117.96.16.159,SUCCESS,2FA,Tablet,Firefox
2024-01-19 06:16:02,USER1436,164.171.240.158,FAILED,PASSWORD,Mobile,Firefox
2024-01-19 07:51:27,USER7797,234.124.169.125,FAILED,PASSWORD,Desktop,Chrome
2024-01-19 08:20:54,USER1872,5.2.137.142,SUCCESS,2FA,Desktop,Firefox
2024-01-19 09:28:07,USER7495,106.4.5.136,SUCCESS,PASSWORD,Desktop,Safari
2024-01-19 12:52:40,USER9224,185.71.138.251,SUCCESS,PASSWORD,Desktop,Firefox
2024-01-19 13:57:37,USER7126,74.5.129.209,SUCCESS,SSO,Server,Other
2024-01-19 15:32:58,USER4862,179.173.111.207,SUCCESS,SSO,Desktop,Chrome
2024-01-19 16:13:09,USER7326,241.233.46.28,SUCCESS,SSO,Desktop,Safari
2024-01-19 17:14:37,USER2337,236.25.135.39,FAILED,SSO,Mobile,Chrome
2024-01-19 17:35:21,USER7142,62.50.159.135,SUCCESS,SSO,Mobile,Safari
2024-01-19 17:45:20,USER4678,65.209.91.69,SUCCESS,PASSWORD,Mobile,Other
2024-01-19 18:01:48,USER1461,204.102.21.96,SUCCESS,PASSWORD,Desktop,Chrome
2024-01-19 18:30:15,USER6221,246.104.118.145,SUCCESS,PASSWORD,Desktop,Edge
2024-01-19 19:03:39,USER2623,63.254.179.58,SUCCESS,BIOMETRIC,Mobile,Safari
2024-01-19 19:42:24,USER6493,77.176.212.218,SUCCESS,SSO,Desktop,Edge
2024-01-19 23:34:03,USER3392,21.168.254.220,SUCCESS,PASSWORD,Desktop,Chrome
2024-01-20 01:39:05,USER3254,167.195.9.24,SUCCESS,PASSWORD,Desktop,Edge
2024-01-20 03:50:36,USER1627,104.98.97.142,SUCCESS,BIOMETRIC,Desktop,Edge
2024-01-20 07:41:04,USER5700,122.15.164.3,SUCCESS,PASSWORD,Desktop,Chrome
2024-01-20 07:49:33,USER8740,180.44.22.128,SUCCESS,SSO,Desktop,Other
2024-01-20 08:01:05,USER3273,217.112.166.201,SUCCESS,SSO,Mobile,Edge
2024-01-20 08:51:02,USER8685,85.145.251.220,SUCCESS,SSO,Mobile,Edge
2024-01-20 09:22:06,USER8349,250.25.230.136,SUCCESS,PASSWORD,Tablet,Other
2024-01-20 10:31:01,USER1086,236.11.59.55,SUCCESS,2FA,Desktop,Edge
2024-01-20 10:42:54,USER2298,231.223.178.228,SUCCESS,BIOMETRIC,Desktop,Edge
2024-01-20 13:13:59,USER1311,146.122.70.12,SUCCESS,SSO,Desktop,Edge
2024-01-20 13:22:46,USER5193,237.20.176.237,SUCCESS,SSO,Mobile,Firefox
2024-01-20 15:18:02,USER4533,72.231.140.145,SUCCESS,BIOMETRIC,Mobile,Other
2024-01-20 16:47:56,USER3449,169.9.46.238,SUCCESS,SSO,Desktop,Edge
2024-01-20 17:01:58,USER9991,218.81.5.247,SUCCESS,PASSWORD,Tablet,Other
2024-01-20 18:06:04,USER9647,54.151.37.193,SUCCESS,SSO,Desktop,Safari
2024-01-20 19:43:41,USER7934,211.183.211.102,SUCCESS,SSO,Mobile,Safari
2024-01-20 21:15:31,USER2821,238.20.77.42,SUCCESS,PASSWORD,Mobile,Edge
2024-01-20 23:31:53,USER5720,145.62.146.214,FAILED,SSO,Tablet,Other
2024-01-21 01:14:04,USER4893,218.100.174.230,SUCCESS,BIOMETRIC,Mobile,Other
2024-01-21 02:49:41,USER5934,139.85.99.194,SUCCESS,BIOMETRIC,Tablet,Other
2024-01-21 03:01:47,USER2996,190.36.203.254,SUCCESS,PASSWORD,Desktop,Firefox
2024-01-21 05:34:46,USER1782,177.186.21.129,SUCCESS,PASSWORD,Tablet,Safari
2024-01-21 11:28:57,USER4906,191.250.89.14,SUCCESS,BIOMETRIC,Desktop,Other
2024-01-21 13:44:16,USER7878,26.112.60.215,SUCCESS,2FA,Tablet,Other
2024-01-21 14:58:17,USER8489,20.88.155.197,SUCCESS,PASSWORD,Mobile,Firefox
2024-01-21 14:58:44,USER2029,158.245.153.102,FAILED,BIOMETRIC,Tablet,Firefox
2024-01-21 15:25:56,USER2816,249.199.84.8,SUCCESS,2FA,Desktop,Other
2024-01-21 16:00:42,USER9189,163.70.201.255,SUCCESS,SSO,Mobile,Chrome
2024-01-21 16:38:12,USER9782,116.126.59.92,SUCCESS,SSO,Mobile,Other
2024-01-21 17:53:00,USER1269,142.241.97.111,SUCCESS,PASSWORD,Mobile,Other
2024-01-21 18:42:51,USER9443,48.175.150.170,SUCCESS,PASSWORD,Desktop,Firefox
2024-01-21 19:21:05,USER4963,98.22.198.159,SUCCESS,PASSWORD,Desktop,Firefox
2024-01-21 20:02:19,USER3352,76.205.64.183,SUCCESS,2FA,Desktop,Other
2024-01-21 20:06:03,USER5772,19.22.69.40,SUCCESS,PASSWORD,Desktop,Other
2024-01-21 20:56:49,USER8032,98.183.201.163,SUCCESS,PASSWORD,Tablet,Other
2024-01-21 21:03:09,USER1025,40.190.100.82,SUCCESS,PASSWORD,Desktop,Firefox
2024-01-21 21:58:18,USER6780,93.28.24.2,FAILED,SSO,Server,Other
2024-01-21 22:31:28,USER4941,242.79.114.93,SUCCESS,BIOMETRIC,Desktop,Other
2024-01-21 22:34:26,USER7825,195.70.27.34,SUCCESS,PASSWORD,Desktop,Edge
2024-01-22 02:10:15,USER4068,23.48.111.115,SUCCESS,PASSWORD,Mobile,Chrome
2024-01-22 03:26:22,USER2402,143.143.132.105,SUCCESS,SSO,Mobile,Safari
2024-01-22 03:54:10,USER9576,27.7.23.91,SUCCESS,PASSWORD,Desktop,Chrome
2024-01-22 03:56:08,USER6908,142.24.153.154,SUCCESS,PASSWORD,Mobile,Edge
2024-01-22 06:25:21,USER2108,201.84.222.99,SUCCESS,PASSWORD,Mobile,Safari
2024-01-22 06:32:30,USER9618,4.75.106.100,SUCCESS,PASSWORD,Desktop,Other
2024-01-22 07:25:07,USER9914,200.22.186.231,SUCCESS,PASSWORD,Server,Edge
2024-01-22 08:36:02,USER9312,144.232.255.251,SUCCESS,PASSWORD,Server,Other
2024-01-22 08:44:59,USER9316,63.147.134.44,SUCCESS,PASSWORD,Mobile,Firefox
2024-01-22 12:43:47,USER1333,176.98.44.36,FAILED,BIOMETRIC,Desktop,Edge
2024-01-22 15:13:34,USER7397,69.78.69.127,SUCCESS,PASSWORD,Mobile,Firefox
2024-01-22 15:14:54,USER8702,38.17.43.112,SUCCESS,SSO,Desktop,Edge
2024-01-22 17:10:04,USER1713,71.108.77.124,SUCCESS,SSO,Desktop,Edge
2024-01-22 17:21:01,USER7338,201.20.93.65,SUCCESS,PASSWORD,Desktop,Firefox
2024-01-22 20:04:38,USER7116,242.64.185.161,SUCCESS,SSO,Desktop,Safari
2024-01-22 20:19:29,USER5155,127.153.158.51,SUCCESS,PASSWORD,Tablet,Chrome
2024-01-22 22:31:09,USER1266,118.28.35.78,SUCCESS,BIOMETRIC,Mobile,Other
2024-01-22 23:43:16,USER6850,2.243.102.86,SUCCESS,PASSWORD,Mobile,Edge
2024-01-23 00:57:48,USER2106,216.159.98.206,SUCCESS,PASSWORD,Desktop,Other
2024-01-23 02:02:42,USER6649,221.85.113.86,SUCCESS,PASSWORD,Desktop,Firefox
2024-01-23 03:49:52,USER4950,111.209.211.221,SUCCESS,BIOMETRIC,Desktop,Other
2024-01-23 04:40:55,USER2698,167.250.153.35,SUCCESS,SSO,Server,Firefox
2024-01-23 07:36:24,USER6447,77.83.155.243,SUCCESS,SSO,Desktop,Other
2024-01-23 08:49:23,USER3185,178.52.123.81,SUCCESS,PASSWORD,Tablet,Chrome
2024-01-23 09:15:17,USER1726,46.247.102.248,FAILED,SSO,Mobile,Chrome
2024-01-23 09:25:42,USER6772,82.75.189.178,SUCCESS,PASSWORD,Desktop,Chrome
2024-01-23 09:32:45,USER9945,163.126.248.148,SUCCESS,2FA,Mobile,Chrome
2024-01-23 09:39:51,USER6546,201.63.84.97,SUCCESS,PASSWORD,Desktop,Chrome
2024-01-23 09:54:43,USER3868,72.210.202.101,SUCCESS,PASSWORD,Tablet,Chrome
2024-01-23 13:00:33,USER8612,94.30.239.145,SUCCESS,PASSWORD,Tablet,Firefox
2024-01-23 13:35:00,USER8840,52.152.140.47,SUCCESS,PASSWORD,Desktop,Edge
2024-01-23 14:04:43,USER3986,175.197.141.7,FAILED,SSO,Desktop,Other
2024-01-23 17:08:17,USER3209,244.187.119.242,SUCCESS,PASSWORD,Mobile,Chrome
2024-01-23 17:26:37,USER2033,182.54.113.205,SUCCESS,2FA,Tablet,Firefox
2024-01-23 22:24:31,USER8498,75.213.178.18,SUCCESS,PASSWORD,Desktop,Firefox
2024-01-23 23:50:35,USER1605,210.218.204.204,SUCCESS,SSO,Mobile,Firefox
2024-01-24 03:43:47,USER5807,105.173.128.36,SUCCESS,PASSWORD,Mobile,Edge
2024-01-24 06:20:07,USER4302,163.78.62.65,FAILED,PASSWORD,Mobile,Other
2024-01-24 10:03:03,USER1717,169.40.184.109,SUCCESS,SSO,Desktop,Edge
2024-01-24 10:51:07,USER4268,203.97.19.115,FAILED,PASSWORD,Mobile,Safari
2024-01-24 13:31:35,USER1686,254.154.123.150,FAILED,PASSWORD,Tablet,Firefox
2024-01-24 14:34:07,USER6170,103.137.130.237,SUCCESS,2FA,Desktop,Safari
2024-01-24 15:45:58,USER6080,236.223.178.108,SUCCESS,BIOMETRIC,Desktop,Chrome
2024-01-24 15:52:04,USER9444,140.10.203.248,SUCCESS,PASSWORD,Server,Chrome
2024-01-24 16:27:53,USER7524,93.180.230.208,SUCCESS,PASSWORD,Desktop,Edge
2024-01-24 17:09:17,USER9897,138.153.164.235,SUCCESS,SSO,Tablet,Other
2024-01-24 17:48:44,USER8756,22.28.197.64,SUCCESS,PASSWORD,Desktop,Safari
2024-01-24 17:51:38,USER5150,169.171.91.43,SUCCESS,PASSWORD,Desktop,Other
2024-01-24 21:25:54,USER1599,166.157.12.145,SUCCESS,PASSWORD,Tablet,Edge
2024-01-24 23:09:56,USER4131,252.166.174.166,SUCCESS,SSO,Desktop,Chrome
2024-01-25 01:13:17,USER5687,103.248.193.85,SUCCESS,SSO,Mobile,Other
2024-01-25 01:14:52,USER6848,248.204.111.28,SUCCESS,PASSWORD,Desktop,Other
2024-01-25 05:30:33,USER1783,3.26.67.57,SUCCESS,PASSWORD,Mobile,Chrome
2024-01-25 05:32:58,USER6438,131.192.133.143,SUCCESS,PASSWORD,Desktop,Safari
2024-01-25 07:44:30,USER5476,149.177.148.57,SUCCESS,SSO,Desktop,Chrome
2024-01-25 08:49:41,USER3039,115.96.101.119,SUCCESS,PASSWORD,Server,Other
2024-01-25 15:06:55,USER7029,198.174.151.177,FAILED,PASSWORD,Desktop,Safari
2024-01-25 15:40:28,USER8159,129.39.89.7,SUCCESS,2FA,Mobile,Safari
2024-01-25 16:31:40,USER7553,124.27.76.107,SUCCESS,PASSWORD,Desktop,Chrome
2024-01-25 16:38:18,USER8204,236.247.22.30,SUCCESS,SSO,Mobile,Other
2024-01-25 17:02:29,USER7334,213.241.187.37,SUCCESS,PASSWORD,Desktop,Edge
2024-01-25 17:24:29,USER6554,90.80.88.117,SUCCESS,PASSWORD,Server,Other
2024-01-25 17:49:08,USER4060,201.53.134.124,SUCCESS,PASSWORD,Desktop,Firefox
2024-01-25 21:43:53,USER9129,90.122.25.113,FAILED,SSO,Desktop,Edge
2024-01-25 23:03:58,USER9151,185.179.116.82,SUCCESS,2FA,Desktop,Safari
2024-01-26 00:05:18,USER7018,18.77.12.208,SUCCESS,2FA,Desktop,Edge
2024-01-26 00:48:51,USER9507,182.30.6.218,SUCCESS,PASSWORD,Mobile,Safari
2024-01-26 01:18:22,USER5369,88.166.28.174,SUCCESS,SSO,Desktop,Safari
2024-01-26 01:22:34,USER2353,205.43.239.252,FAILED,PASSWORD,Tablet,Edge
2024-01-26 01:57:22,USER7955,190.63.133.45,FAILED,PASSWORD,Desktop,Safari
2024-01-26 04:35:03,USER2293,142.41.85.144,SUCCESS,2FA,Desktop,Safari
2024-01-26 05:10:11,USER8055,110.246.119.60,SUCCESS,PASSWORD,Mobile,Firefox
2024-01-26 05:56:26,USER3956,205.104.162.48,SUCCESS,PASSWORD,Mobile,Other
2024-01-26 09:15:03,USER9937,48.164.169.111,SUCCESS,PASSWORD,Desktop,Other
2024-01-26 10:27:38,USER5813,102.8.189.158,FAILED,PASSWORD,Desktop,Firefox
2024-01-26 12:00:16,USER6262,227.51.116.152,SUCCESS,PASSWORD,Desktop,Edge
2024-01-26 12:24:42,USER2680,110.100.2.181,SUCCESS,SSO,Mobile,Chrome
2024-01-26 12:46:10,USER2311,55.53.72.193,SUCCESS,PASSWORD,Mobile,Chrome
2024-01-26 13:21:59,USER6372,181.208.204.17,FAILED,2FA,Desktop,Chrome
2024-01-26 14:02:37,USER5843,148.27.205.224,SUCCESS,2FA,Tablet,Firefox
2024-01-26 14:18:27,USER6021,138.48.94.84,SUCCESS,PASSWORD,Tablet,Firefox
2024-01-26 14:42:33,USER8305,51.118.30.68,FAILED,PASSWORD,Mobile,Safari
2024-01-26 14:57:18,USER7981,172.221.126.136,SUCCESS,PASSWORD,Tablet,Chrome
2024-01-26 15:51:26,USER3730,248.164.81.153,SUCCESS,SSO,Desktop,Edge
2024-01-26 16:17:52,USER8272,100.157.101.151,FAILED,PASSWORD,Desktop,Edge
2024-01-26 17:23:05,USER6759,30.90.91.217,FAILED,SSO,Desktop,Chrome
2024-01-26 17:49:30,USER8325,118.159.45.209,SUCCESS,PASSWORD,Desktop,Chrome
2024-01-26 17:56:23,USER1693,173.181.205.77,SUCCESS,SSO,Mobile,Chrome
2024-01-26 20:09:31,USER6776,236.158.152.22,SUCCESS,PASSWORD,Tablet,Firefox
2024-01-26 21:33:19,USER8126,173.35.81.31,SUCCESS,PASSWORD,Desktop,Firefox
2024-01-26 23:10:42,USER5498,62.79.30.47,SUCCESS,BIOMETRIC,Desktop,Firefox
2024-01-27 00:39:09,USER1939,96.178.37.131,SUCCESS,2FA,Desktop,Other
2024-01-27 00:42:55,USER2229,100.108.153.36,SUCCESS,PASSWORD,Tablet,Edge
2024-01-27 02:05:27,USER7655,148.99.109.48,SUCCESS,2FA,Desktop,Edge
2024-01-27 04:31:59,USER6952,125.163.138.178,SUCCESS,PASSWORD,Mobile,Safari
2024-01-27 05:16:58,USER9406,236.166.239.45,SUCCESS,2FA,Desktop,Firefox
2024-01-27 07:14:01,USER3621,143.43.126.74,SUCCESS,2FA,Desktop,Other
2024-01-27 07:21:49,USER1510,36.48.81.216,SUCCESS,PASSWORD,Server,Other
2024-01-27 07:43:19,USER3339,116.159.14.222,SUCCESS,PASSWORD,Server,Edge
2024-01-27 11:37:35,USER8179,92.244.3.125,SUCCESS,PASSWORD,Desktop,Firefox
2024-01-27 14:22:19,USER1570,35.50.209.99,FAILED,SSO,Server,Safari
2024-01-27 14:58:08,USER3068,247.144.130.168,SUCCESS,SSO,Mobile,Firefox
2024-01-27 15:05:30,USER2101,127.105.176.126,SUCCESS,PASSWORD,Tablet,Chrome
2024-01-27 15:51:18,USER4866,107.182.216.114,SUCCESS,PASSWORD,Desktop,Firefox
2024-01-27 17:19:59,USER7001,126.43.22.145,SUCCESS,2FA,Mobile,Chrome
2024-01-27 18:37:42,USER6933,8.204.195.57,SUCCESS,BIOMETRIC,Desktop,Chrome
2024-01-27 20:15:06,USER7272,75.9.71.58,SUCCESS,SSO,Mobile,Safari
2024-01-27 20:17:49,USER1530,138.74.44.200,SUCCESS,PASSWORD,Desktop,Edge
2024-01-27 21:25:17,USER3513,118.145.191.198,SUCCESS,PASSWORD,Desktop,Firefox
2024-01-28 00:08:00,USER8371,197.127.141.131,SUCCESS,PASSWORD,Desktop,Chrome
2024-01-28 00:43:46,USER7077,29.147.30.69,SUCCESS,BIOMETRIC,Mobile,Firefox
2024-01-28 02:29:26,USER7095,199.140.211.254,SUCCESS,PASSWORD,Desktop,Edge
2024-01-28 03:15:12,USER8273,94.139.211.194,SUCCESS,SSO,Mobile,Edge
2024-01-28 03:49:27,USER2259,11.195.185.113,SUCCESS,PASSWORD,Server,Other
2024-01-28 04:08:34,USER3255,140.56.254.109,FAILED,SSO,Desktop,Edge
2024-01-28 08:32:31,USER9674,27.189.213.168,SUCCESS,SSO,Mobile,Safari
2024-01-28 11:36:12,USER7012,193.64.77.224,SUCCESS,2FA,Desktop,Chrome
2024-01-28 13:52:31,USER7521,9.116.68.90,SUCCESS,PASSWORD,Tablet,Other
2024-01-28 15:06:15,USER6150,221.210.23.113,FAILED,PASSWORD,Desktop,Safari
2024-01-28 15:14:12,USER5566,222.255.31.199,FAILED,PASSWORD,Mobile,Firefox
2024-01-28 16:10:03,USER5089,208.61.54.208,SUCCESS,BIOMETRIC,Tablet,Chrome
2024-01-28 17:06:03,USER2858,189.151.177.90,SUCCESS,2FA,Tablet,Edge
2024-01-28 17:49:52,USER1424,221.182.157.162,SUCCESS,SSO,Mobile,Chrome
2024-01-28 18:24:30,USER4048,110.43.158.36,SUCCESS,SSO,Desktop,Firefox
2024-01-28 21:48:27,USER9176,201.53.209.53,SUCCESS,SSO,Mobile,Other
2024-01-28 23:03:18,USER9482,207.16.146.90,SUCCESS,PASSWORD,Tablet,Other
2024-01-28 23:51:15,USER7340,137.72.153.138,FAILED,BIOMETRIC,Mobile,Other
2024-01-29 01:55:21,USER2929,44.83.251.181,SUCCESS,PASSWORD,Desktop,Edge
2024-01-29 04:34:02,USER5288,75.75.147.69,SUCCESS,PASSWORD,Tablet,Safari
2024-01-29 05:39:36,USER5264,244.220.132.253,SUCCESS,SSO,Mobile,Safari
2024-01-29 07:23:18,USER8311,231.174.209.25,SUCCESS,PASSWORD,Mobile,Chrome
2024-01-29 07:31:14,USER4515,35.247.193.202,SUCCESS,PASSWORD,Desktop,Edge
2024-01-29 09:49:51,USER5678,106.236.16.255,SUCCESS,SSO,Mobile,Other
2024-01-29 12:17:48,USER9047,71.222.168.33,SUCCESS,PASSWORD,Desktop,Other
2024-01-29 13:39:47,USER4279,180.222.34.64,SUCCESS,SSO,Mobile,Firefox
2024-01-29 14:39:52,USER3009,38.183.83.213,SUCCESS,PASSWORD,Desktop,Firefox
2024-01-29 14:45:09,USER3223,64.195.216.174,SUCCESS,PASSWORD,Mobile,Other
2024-01-29 15:55:34,USER2213,101.126.37.148,FAILED,PASSWORD,Server,Other
2024-01-29 17:05:37,USER8406,162.69.161.107,SUCCESS,PASSWORD,Desktop,Edge
2024-01-29 17:08:24,USER3828,97.116.20.163,SUCCESS,SSO,Server,Safari
2024-01-29 17:20:58,USER8292,204.226.197.24,FAILED,PASSWORD,Desktop,Firefox
2024-01-29 19:44:56,USER2438,104.132.192.72,SUCCESS,SSO,Tablet,Safari
2024-01-29 20:36:12,USER6236,178.240.225.95,FAILED,PASSWORD,Mobile,Edge
2024-01-29 22:20:13,USER6692,117.244.125.84,SUCCESS,SSO,Mobile,Other
2024-01-29 23:16:32,USER2063,149.1.223.199,FAILED,BIOMETRIC,Mobile,Safari
2024-01-30 06:27:07,USER9882,217.188.24.188,SUCCESS,SSO,Tablet,Other
2024-01-30 08:52:09,USER5757,249.118.163.171,FAILED,PASSWORD,Desktop,Other
2024-01-30 09:20:47,USER5914,179.92.218.17,SUCCESS,PASSWORD,Desktop,Chrome
2024-01-30 10:55:12,USER3580,204.137.102.56,FAILED,PASSWORD,Mobile,Safari
2024-01-30 12:05:35,USER3852,248.110.212.55,SUCCESS,SSO,Tablet,Safari
2024-01-30 12:25:45,USER6922,127.69.83.213,SUCCESS,PASSWORD,Mobile,Other
2024-01-30 14:00:46,USER9335,73.87.141.148,FAILED,PASSWORD,Mobile,Edge
2024-01-30 15:04:05,USER4673,34.145.219.125,SUCCESS,SSO,Desktop,Chrome
2024-01-30 17:28:57,USER2988,202.88.229.175,SUCCESS,PASSWORD,Tablet,Other
2024-01-30 17:43:46,USER4292,196.13.12.26,SUCCESS,2FA,Desktop,Firefox
2024-01-30 18:09:14,USER3275,161.201.215.118,SUCCESS,PASSWORD,Mobile,Firefox
2024-01-30 20:29:09,USER4878,5.32.238.220,SUCCESS,PASSWORD,Desktop,Chrome
2024-01-31 01:08:32,USER9094,41.113.117.1,SUCCESS,SSO,Desktop,Edge
2024-01-31 01:16:55,USER1430,254.246.110.52,FAILED,PASSWORD,Desktop,Other
2024-01-31 06:05:15,USER6912,255.177.233.34,SUCCESS,SSO,Desktop,Safari
2024-01-31 07:55:43,USER7044,226.167.78.41,SUCCESS,PASSWORD,Mobile,Chrome
2024-01-31 08:02:06,USER8657,224.239.225.71,FAILED,PASSWORD,Desktop,Edge
2024-01-31 11:06:43,USER3126,24.168.93.65,FAILED,2FA,Desktop,Safari
2024-01-31 13:16:53,USER2412,22.96.171.232,SUCCESS,2FA,Desktop,Firefox
2024-01-31 14:05:42,USER2077,167.43.14.102,SUCCESS,SSO,Desktop,Firefox
2024-01-31 16:05:54,USER6067,161.79.186.180,SUCCESS,PASSWORD,Desktop,Safari
2024-01-31 18:15:37,USER7523,194.60.110.168,SUCCESS,SSO,Desktop,Chrome
2024-01-31 18:21:55,USER8842,24.181.25.1,SUCCESS,PASSWORD,Mobile,Firefox
2024-01-31 19:02:46,USER9612,55.123.20.34,SUCCESS,PASSWORD,Mobile,Other
2024-01-31 20:17:39,USER7730,152.58.133.175,SUCCESS,BIOMETRIC,Mobile,Safari
2024-01-31 21:58:21,USER7708,114.3.3.179,SUCCESS,PASSWORD,Desktop,Safari
2024-01-31 23:06:48,USER2208,88.210.31.253,FAILED,BIOMETRIC,Desktop,Firefox
2024-01-31 23:47:42,USER3053,221.109.178.34,FAILED,PASSWORD,Tablet,Chrome
