timestamp,attempted_username,ip_address,auth_result,failure_reason,attempt_count,geolocation
2024-01-01 00:33:52,user82,171.3.194.25,AUTHENTIC,None,2,CN
2024-01-01 02:30:07,user104,201.32.236.155,AUTHENTIC,None,3,DE
2024-01-01 03:01:29,user140,53.151.231.52,UNAUTHENTIC,None,1,UK
2024-01-01 03:43:21,hacker23,48.172.90.8,UNAUTHENTIC,USER_NOT_FOUND,3,BR
2024-01-01 05:29:37,user49,24.38.217.192,UNAUTHENTIC,USER_NOT_FOUND,3,BR
2024-01-01 11:05:44,user93,242.72.243.149,AUTHENTIC,None,3,CN
2024-01-01 11:43:22,user40,90.91.42.219,UNAUTHENTIC,USER_NOT_FOUND,3,RU
2024-01-01 12:33:48,hacker86,129.200.187.157,AUTHENTIC,None,1,RU
2024-01-01 12:37:57,hacker2,62.130.146.18,AUTHENTIC,None,4,IN
2024-01-01 15:57:32,hacker3,26.210.149.196,UNAUTHENTIC,USER_NOT_FOUND,3,UK
2024-01-01 15:57:43,hacker63,4.136.56.184,AUTHENTIC,None,3,IN
2024-01-01 18:48:19,user35,50.247.73.44,AUTHENTIC,None,4,BR
2024-01-01 19:56:31,hacker83,231.194.138.2,AUTHENTIC,None,2,CN
2024-01-01 20:32:24,user117,250.186.26.237,AUTHENTIC,None,1,DE
2024-01-01 21:13:24,user179,55.236.130.218,UNAUTHENTIC,USER_NOT_FOUND,4,RU
2024-01-01 22:52:17,user109,182.122.94.179,AUTHENTIC,None,1,CN
2024-01-01 23:02:18,user117,151.48.113.173,UNAUTHENTIC,None,2,US
2024-01-02 03:24:03,user142,246.28.47.214,AUTHENTIC,None,6,CN
2024-01-02 03:36:46,user99,91.252.98.109,AUTHENTIC,None,2,US
2024-01-02 06:06:31,user48,55.132.59.105,AUTHENTIC,None,2,IN
2024-01-02 07:33:34,user2,29.195.253.81,UNAUTHENTIC,INVALID_PASSWORD,6,IN
2024-01-02 10:22:35,user188,32.120.29.134,AUTHENTIC,None,6,BR
2024-01-02 10:22:56,hacker65,35.127.196.93,UNAUTHENTIC,SUSPICIOUS_IP,5,CN
2024-01-02 14:22:09,hacker70,181.74.143.185,UNAUTHENTIC,INVALID_PASSWORD,3,CN
2024-01-02 14:24:45,user9,11.22.84.127,AUTHENTIC,None,1,US
2024-01-02 14:41:00,user146,30.99.73.117,AUTHENTIC,None,2,IN
2024-01-02 16:19:36,user95,154.189.80.176,UNAUTHENTIC,ACCOUNT_LOCKED,6,US
2024-01-02 16:22:25,hacker62,250.216.114.58,UNAUTHENTIC,USER_NOT_FOUND,4,IN
2024-01-02 17:01:11,user21,142.105.75.253,AUTHENTIC,None,1,US
2024-01-02 20:22:02,hacker94,219.110.49.220,AUTHENTIC,None,2,IN
2024-01-02 22:33:57,user193,18.230.216.206,UNAUTHENTIC,None,2,US
2024-01-03 03:16:39,user120,122.241.174.95,UNAUTHENTIC,SUSPICIOUS_IP,3,DE
2024-01-03 05:59:28,user134,46.4.173.126,AUTHENTIC,None,5,IN
2024-01-03 06:33:06,user23,173.27.102.113,UNAUTHENTIC,SUSPICIOUS_IP,3,UK
2024-01-03 07:10:31,hacker81,134.169.174.22,UNAUTHENTIC,None,2,US
2024-01-03 07:27:18,user172,31.37.102.103,AUTHENTIC,None,2,CN
2024-01-03 09:20:23,hacker82,178.152.251.27,UNAUTHENTIC,USER_NOT_FOUND,4,BR
2024-01-03 09:30:08,user149,190.237.229.251,AUTHENTIC,None,3,UK
2024-01-03 10:13:52,user14,44.17.94.250,AUTHENTIC,None,4,UK
2024-01-03 12:42:17,user137,51.87.52.153,AUTHENTIC,None,3,US
2024-01-03 13:25:11,user121,217.254.104.32,AUTHENTIC,None,2,BR
2024-01-03 13:40:15,user121,60.215.109.186,UNAUTHENTIC,INVALID_PASSWORD,1,CN
2024-01-03 14:19:23,user85,128.72.196.183,AUTHENTIC,None,5,UK
2024-01-03 15:35:03,user76,197.149.152.70,AUTHENTIC,None,6,CN
2024-01-03 18:00:39,hacker5,194.203.206.165,AUTHENTIC,None,4,IN
2024-01-03 19:38:00,user153,242.103.92.122,AUTHENTIC,None,1,DE
2024-01-03 21:39:21,user187,171.155.244.104,AUTHENTIC,None,2,BR
2024-01-03 22:29:06,user67,253.125.131.72,UNAUTHENTIC,None,5,DE
2024-01-04 00:18:55,hacker61,38.197.117.28,AUTHENTIC,None,4,RU
2024-01-04 00:39:35,user147,32.65.126.128,UNAUTHENTIC,ACCOUNT_LOCKED,3,IN
2024-01-04 02:07:45,hacker38,60.161.242.35,UNAUTHENTIC,ACCOUNT_LOCKED,3,BR
2024-01-04 02:43:42,user160,8.26.189.14,AUTHENTIC,None,3,US
2024-01-04 04:11:01,hacker63,213.18.128.174,UNAUTHENTIC,ACCOUNT_LOCKED,5,DE
2024-01-04 05:49:37,hacker65,7.249.46.98,AUTHENTIC,None,2,US
2024-01-04 09:17:08,hacker36,155.174.84.40,AUTHENTIC,None,1,CN
2024-01-04 09:55:01,hacker79,78.160.160.25,AUTHENTIC,None,2,UK
2024-01-04 11:55:43,hacker33,195.20.170.193,AUTHENTIC,None,6,DE
2024-01-04 12:52:45,hacker15,134.197.127.203,AUTHENTIC,None,5,RU
2024-01-04 16:42:13,user152,120.52.76.170,UNAUTHENTIC,INVALID_PASSWORD,2,US
2024-01-04 21:52:38,user169,128.126.130.67,AUTHENTIC,None,5,BR
2024-01-04 22:55:17,user45,139.88.208.221,UNAUTHENTIC,ACCOUNT_LOCKED,6,DE
2024-01-04 23:03:15,hacker90,139.140.5.244,AUTHENTIC,None,1,DE
2024-01-04 23:14:34,hacker24,196.9.254.111,UNAUTHENTIC,ACCOUNT_LOCKED,2,UK
2024-01-05 01:42:36,user9,226.235.31.99,AUTHENTIC,None,3,UK
2024-01-05 02:41:59,user22,116.81.219.97,AUTHENTIC,None,2,BR
2024-01-05 06:21:59,user153,114.118.10.9,AUTHENTIC,None,5,UK
2024-01-05 08:23:56,user40,46.143.169.221,AUTHENTIC,None,3,US
2024-01-05 08:57:02,user193,200.78.227.181,AUTHENTIC,None,3,BR
2024-01-05 14:18:52,user198,43.126.111.35,UNAUTHENTIC,SUSPICIOUS_IP,4,BR
2024-01-05 14:53:41,user170,80.184.100.125,AUTHENTIC,None,2,CN
2024-01-05 15:35:12,user164,196.29.146.173,UNAUTHENTIC,None,2,RU
2024-01-05 15:51:00,hacker74,126.169.142.176,UNAUTHENTIC,INVALID_PASSWORD,1,DE
2024-01-05 19:36:31,user89,139.147.121.122,UNAUTHENTIC,USER_NOT_FOUND,5,CN
2024-01-05 22:34:11,hacker34,144.219.41.130,AUTHENTIC,None,3,RU
2024-01-05 22:44:42,user30,15.101.68.127,AUTHENTIC,None,2,BR
2024-01-05 22:51:18,hacker60,152.249.97.158,UNAUTHENTIC,SUSPICIOUS_IP,3,DE
2024-01-05 23:01:48,user78,174.91.197.251,UNAUTHENTIC,INVALID_PASSWORD,2,UK
2024-01-05 23:54:05,user193,73.83.16.8,AUTHENTIC,None,2,RU
2024-01-06 00:08:46,user60,152.12.33.215,AUTHENTIC,None,1,BR
2024-01-06 01:18:12,user181,94.90.208.190,AUTHENTIC,None,1,BR
2024-01-06 04:11:49,user68,150.7.196.229,AUTHENTIC,None,3,CN
2024-01-06 04:18:07,hacker56,161.88.98.25,UNAUTHENTIC,USER_NOT_FOUND,3,CN
2024-01-06 06:14:02,hacker58,110.89.254.92,AUTHENTIC,None,8,UK
2024-01-06 09:22:20,user81,106.90.15.170,AUTHENTIC,None,4,IN
2024-01-06 09:49:22,user175,63.64.61.166,AUTHENTIC,None,4,US
2024-01-06 10:53:56,user25,80.152.22.234,AUTHENTIC,None,6,IN
2024-01-06 12:06:06,user164,177.17.223.79,UNAUTHENTIC,USER_NOT_FOUND,4,IN
2024-01-06 13:31:08,user111,30.87.44.6,UNAUTHENTIC,INVALID_PASSWORD,2,DE
2024-01-06 15:20:22,user167,138.84.10.118,AUTHENTIC,None,3,DE
2024-01-06 15:27:13,user86,169.222.109.146,UNAUTHENTIC,USER_NOT_FOUND,1,UK
2024-01-06 17:25:32,hacker13,132.231.108.69,AUTHENTIC,None,3,DE
2024-01-06 18:08:36,hacker75,6.179.121.151,AUTHENTIC,None,4,RU
2024-01-07 01:11:09,user198,6.253.82.97,AUTHENTIC,None,6,UK
2024-01-07 03:02:36,user62,147.100.83.147,AUTHENTIC,None,3,UK
2024-01-07 03:15:40,user151,26.207.126.26,AUTHENTIC,None,2,BR
2024-01-07 04:51:47,user134,177.173.53.87,AUTHENTIC,None,4,BR
2024-01-07 04:56:37,user177,128.129.208.196,UNAUTHENTIC,SUSPICIOUS_IP,1,BR
2024-01-07 07:47:15,user81,171.87.43.158,AUTHENTIC,None,4,US
2024-01-07 07:53:39,user173,77.94.249.112,UNAUTHENTIC,INVALID_PASSWORD,4,RU
2024-01-07 09:17:34,hacker9,52.128.163.217,AUTHENTIC,None,6,RU
2024-01-07 10:01:09,hacker13,250.202.20.216,UNAUTHENTIC,USER_NOT_FOUND,3,BR
2024-01-07 10:53:21,user176,218.138.55.74,UNAUTHENTIC,USER_NOT_FOUND,1,IN
2024-01-07 13:56:35,user57,68.13.77.147,AUTHENTIC,None,2,US
2024-01-07 14:47:49,user65,103.206.58.160,UNAUTHENTIC,ACCOUNT_LOCKED,4,IN
2024-01-07 16:29:35,hacker4,191.246.24.184,AUTHENTIC,None,5,CN
2024-01-07 16:43:31,user15,217.149.25.152,UNAUTHENTIC,USER_NOT_FOUND,5,RU
2024-01-07 17:39:47,user169,87.70.18.146,AUTHENTIC,None,4,RU
2024-01-07 18:11:34,user56,206.136.122.110,AUTHENTIC,None,2,IN
2024-01-07 18:17:11,user164,54.89.204.20,UNAUTHENTIC,None,1,US
2024-01-07 19:26:26,hacker16,167.211.78.130,AUTHENTIC,None,3,RU
2024-01-07 20:08:37,hacker78,206.77.111.170,AUTHENTIC,None,4,IN
2024-01-07 21:56:20,hacker85,139.81.52.107,UNAUTHENTIC,None,3,UK
2024-01-07 22:13:39,user166,103.65.160.132,AUTHENTIC,None,2,UK
2024-01-08 02:09:00,user48,117.172.196.141,AUTHENTIC,None,4,DE
2024-01-08 04:21:57,user179,47.226.5.161,AUTHENTIC,None,2,US
2024-01-08 06:37:42,hacker38,181.133.221.48,AUTHENTIC,None,4,IN
2024-01-08 06:43:23,user20,148.128.55.170,UNAUTHENTIC,INVALID_PASSWORD,4,DE
2024-01-08 06:54:20,user71,247.211.191.241,AUTHENTIC,None,5,UK
2024-01-08 10:35:50,user178,120.69.240.164,AUTHENTIC,None,3,US
2024-01-08 10:46:04,user198,137.208.158.219,UNAUTHENTIC,ACCOUNT_LOCKED,2,DE
2024-01-08 11:28:53,user66,197.233.112.240,UNAUTHENTIC,USER_NOT_FOUND,4,BR
2024-01-08 13:44:37,hacker10,145.187.161.16,AUTHENTIC,None,2,US
2024-01-08 16:19:21,hacker8,134.52.94.119,AUTHENTIC,None,6,CN
2024-01-08 17:17:39,user86,38.62.39.192,UNAUTHENTIC,ACCOUNT_LOCKED,3,BR
2024-01-08 21:16:47,user67,176.196.77.217,UNAUTHENTIC,USER_NOT_FOUND,4,DE
2024-01-08 22:18:12,user68,112.106.82.221,AUTHENTIC,None,1,IN
2024-01-08 23:18:28,hacker9,213.234.17.163,AUTHENTIC,None,2,BR
2024-01-08 23:41:54,user52,53.217.106.69,AUTHENTIC,None,5,BR
2024-01-09 00:21:24,user46,211.74.166.42,AUTHENTIC,None,2,DE
2024-01-09 01:23:14,user28,66.176.154.61,AUTHENTIC,None,6,IN
2024-01-09 02:19:19,hacker99,104.62.30.39,UNAUTHENTIC,INVALID_PASSWORD,1,IN
2024-01-09 02:25:32,user158,50.8.63.205,AUTHENTIC,None,3,UK
2024-01-09 04:10:17,user114,212.80.119.125,UNAUTHENTIC,SUSPICIOUS_IP,5,CN
2024-01-09 04:49:12,user27,144.254.112.109,AUTHENTIC,None,3,IN
2024-01-09 07:17:30,hacker10,166.232.10.52,UNAUTHENTIC,ACCOUNT_LOCKED,3,RU
2024-01-09 07:18:05,user65,41.70.35.8,UNAUTHENTIC,ACCOUNT_LOCKED,3,RU
2024-01-09 11:01:26,user5,67.203.206.72,AUTHENTIC,None,2,CN
2024-01-09 13:20:43,user39,169.141.46.165,AUTHENTIC,None,3,US
2024-01-09 17:23:29,user1,219.11.247.185,AUTHENTIC,None,2,DE
2024-01-09 19:58:55,user171,125.201.6.15,UNAUTHENTIC,INVALID_PASSWORD,3,US
2024-01-09 22:39:31,user39,221.230.22.81,UNAUTHENTIC,ACCOUNT_LOCKED,3,RU
2024-01-10 00:49:27,user101,155.77.222.17,AUTHENTIC,None,1,IN
2024-01-10 01:43:54,user132,231.245.105.230,AUTHENTIC,None,4,CN
2024-01-10 01:46:51,user198,94.172.169.227,AUTHENTIC,None,3,US
2024-01-10 05:07:23,user112,24.102.242.215,UNAUTHENTIC,SUSPICIOUS_IP,1,US
2024-01-10 05:22:39,user187,186.216.36.61,AUTHENTIC,None,4,DE
2024-01-10 08:35:54,user18,29.147.189.129,AUTHENTIC,None,3,BR
2024-01-10 10:09:49,user1,239.31.134.171,AUTHENTIC,None,5,RU
2024-01-10 10:26:41,user177,213.149.244.199,AUTHENTIC,None,1,IN
2024-01-10 15:23:29,user124,239.135.65.128,UNAUTHENTIC,None,4,CN
2024-01-10 17:44:31,hacker69,227.24.61.154,AUTHENTIC,None,3,US
2024-01-10 18:50:58,user92,32.198.207.81,AUTHENTIC,None,3,DE
2024-01-10 19:42:44,user78,85.214.150.189,AUTHENTIC,None,4,BR
2024-01-10 19:57:21,user162,100.207.192.191,AUTHENTIC,None,3,RU
2024-01-10 20:11:07,user166,61.240.109.56,AUTHENTIC,None,3,RU
2024-01-10 23:49:28,hacker69,37.28.45.55,UNAUTHENTIC,ACCOUNT_LOCKED,2,DE
2024-01-11 02:30:36,user88,249.71.113.105,UNAUTHENTIC,SUSPICIOUS_IP,1,CN
2024-01-11 02:35:59,hacker59,66.221.151.15,AUTHENTIC,None,2,US
2024-01-11 03:06:33,user75,126.137.96.180,AUTHENTIC,None,4,CN
2024-01-11 07:20:20,user46,243.29.82.140,UNAUTHENTIC,ACCOUNT_LOCKED,2,DE
2024-01-11 08:23:23,user99,109.122.175.64,AUTHENTIC,None,3,DE
2024-01-11 12:46:36,user77,247.72.226.201,AUTHENTIC,None,1,CN
2024-01-11 13:26:19,user28,240.38.93.122,UNAUTHENTIC,ACCOUNT_LOCKED,1,UK
2024-01-11 14:34:08,user92,184.95.211.79,UNAUTHENTIC,USER_NOT_FOUND,2,BR
2024-01-11 14:42:07,user162,6.166.248.232,UNAUTHENTIC,USER_NOT_FOUND,2,RU
2024-01-11 14:56:15,user49,156.9.216.190,UNAUTHENTIC,ACCOUNT_LOCKED,5,UK
2024-01-11 15:29:55,hacker25,170.205.241.14,UNAUTHENTIC,USER_NOT_FOUND,3,IN
2024-01-11 16:26:33,hacker76,177.235.202.172,AUTHENTIC,None,4,RU
2024-01-11 19:15:36,hacker50,62.65.142.99,AUTHENTIC,None,1,RU
2024-01-11 21:10:34,hacker70,80.164.246.180,AUTHENTIC,None,2,BR
2024-01-11 22:02:17,user128,93.232.208.176,AUTHENTIC,None,3,IN
2024-01-11 22:41:58,user116,32.137.222.61,AUTHENTIC,None,3,US
2024-01-12 01:55:42,user5,220.114.100.3,AUTHENTIC,None,7,IN
2024-01-12 04:49:06,hacker8,233.246.101.238,AUTHENTIC,None,4,US
2024-01-12 06:20:22,user185,251.235.66.78,AUTHENTIC,None,3,IN
2024-01-12 10:46:29,hacker16,24.240.211.194,AUTHENTIC,None,3,CN
2024-01-12 12:11:44,hacker84,61.77.54.221,AUTHENTIC,None,3,DE
2024-01-12 12:17:28,user118,228.42.235.113,AUTHENTIC,None,3,IN
2024-01-12 15:29:54,user138,162.82.226.208,UNAUTHENTIC,INVALID_PASSWORD,5,UK
2024-01-12 17:20:17,hacker75,197.165.105.203,AUTHENTIC,None,2,UK
2024-01-12 20:09:44,hacker10,9.71.222.21,AUTHENTIC,None,3,BR
2024-01-12 20:19:15,hacker19,211.200.241.126,UNAUTHENTIC,ACCOUNT_LOCKED,3,DE
2024-01-13 06:12:33,user5,121.189.106.238,AUTHENTIC,None,1,DE
2024-01-13 07:00:02,user159,216.86.184.109,AUTHENTIC,None,3,US
2024-01-13 13:20:28,hacker90,225.236.210.26,AUTHENTIC,None,4,RU
2024-01-13 15:30:08,user4,212.42.179.67,AUTHENTIC,None,6,BR
2024-01-13 16:45:06,hacker7,130.17.91.108,UNAUTHENTIC,SUSPICIOUS_IP,2,UK
2024-01-13 16:48:40,user25,155.187.209.141,AUTHENTIC,None,1,UK
2024-01-13 17:24:02,user44,189.84.117.178,UNAUTHENTIC,INVALID_PASSWORD,3,US
2024-01-13 18:58:13,user17,8.196.14.165,AUTHENTIC,None,3,UK
2024-01-13 19:18:29,user28,165.48.162.114,AUTHENTIC,None,1,UK
2024-01-13 21:08:05,hacker77,203.165.35.1,AUTHENTIC,None,3,US
2024-01-13 21:47:52,user57,103.52.161.79,AUTHENTIC,None,7,UK
2024-01-13 23:02:35,hacker26,81.148.22.29,AUTHENTIC,None,1,RU
2024-01-14 00:59:17,user189,41.64.133.183,AUTHENTIC,None,1,CN
2024-01-14 02:31:56,user84,249.197.213.167,AUTHENTIC,None,4,BR
2024-01-14 03:10:50,hacker88,196.34.217.153,AUTHENTIC,None,8,RU
2024-01-14 04:41:59,user36,176.106.203.241,AUTHENTIC,None,2,RU
2024-01-14 05:10:43,user55,82.116.123.224,UNAUTHENTIC,None,2,CN
2024-01-14 06:54:04,user152,189.35.67.45,AUTHENTIC,None,4,DE
2024-01-14 07:36:09,hacker9,176.152.212.84,AUTHENTIC,None,3,BR
2024-01-14 07:39:15,hacker19,205.73.51.22,AUTHENTIC,None,2,RU
2024-01-14 08:09:19,user44,107.95.47.101,AUTHENTIC,None,3,UK
2024-01-14 09:39:58,user142,225.97.242.214,UNAUTHENTIC,INVALID_PASSWORD,5,CN
2024-01-14 09:58:38,hacker32,227.147.58.6,AUTHENTIC,None,3,DE
2024-01-14 10:00:10,user11,243.6.237.143,UNAUTHENTIC,INVALID_PASSWORD,4,BR
2024-01-14 12:15:10,hacker81,166.157.161.59,AUTHENTIC,None,3,IN
2024-01-14 12:49:02,user200,233.23.250.119,UNAUTHENTIC,ACCOUNT_LOCKED,5,US
2024-01-14 16:40:40,hacker63,51.68.180.219,AUTHENTIC,None,4,UK
2024-01-14 18:50:21,hacker1,44.13.103.159,UNAUTHENTIC,SUSPICIOUS_IP,3,CN
2024-01-14 22:08:48,hacker12,110.154.67.39,AUTHENTIC,None,2,US
2024-01-14 22:48:23,user152,23.246.95.44,AUTHENTIC,None,2,DE
2024-01-14 22:58:22,user107,243.146.31.4,AUTHENTIC,None,3,DE
2024-01-15 01:59:52,user198,184.135.112.198,AUTHENTIC,None,3,IN
2024-01-15 02:46:32,user33,236.238.117.212,UNAUTHENTIC,ACCOUNT_LOCKED,3,RU
2024-01-15 03:44:33,hacker82,173.127.31.58,AUTHENTIC,None,1,RU
2024-01-15 07:47:02,hacker58,183.53.49.243,AUTHENTIC,None,1,BR
2024-01-15 09:43:41,user45,221.209.201.69,AUTHENTIC,None,3,CN
2024-01-15 10:35:06,user10,74.192.127.98,AUTHENTIC,None,2,CN
2024-01-15 10:44:00,user184,34.111.220.53,AUTHENTIC,None,5,DE
2024-01-15 12:56:19,user23,154.56.255.211,UNAUTHENTIC,None,4,BR
2024-01-15 13:59:47,user78,73.187.174.49,AUTHENTIC,None,1,US
2024-01-15 14:52:56,user2,108.47.105.203,UNAUTHENTIC,None,5,RU
2024-01-15 17:18:24,user50,38.8.75.250,AUTHENTIC,None,4,RU
2024-01-15 20:23:05,hacker68,68.61.159.116,AUTHENTIC,None,3,DE
2024-01-15 23:12:01,user159,233.64.95.150,UNAUTHENTIC,SUSPICIOUS_IP,2,CN
2024-01-15 23:59:52,user195,176.166.118.22,AUTHENTIC,None,1,DE
2024-01-16 00:21:13,user130,3.121.35.224,AUTHENTIC,None,5,CN
2024-01-16 01:41:08,hacker99,83.250.178.102,AUTHENTIC,None,2,BR
2024-01-16 03:37:38,user54,176.55.183.99,AUTHENTIC,None,3,IN
2024-01-16 04:40:29,hacker25,182.109.189.153,AUTHENTIC,None,5,US
2024-01-16 05:12:57,hacker20,66.19.25.143,UNAUTHENTIC,INVALID_PASSWORD,4,UK
2024-01-16 05:48:58,user122,16.14.86.239,AUTHENTIC,None,2,IN
2024-01-16 05:56:39,user41,61.121.233.91,AUTHENTIC,None,1,IN
2024-01-16 06:21:26,user12,156.241.172.248,UNAUTHENTIC,INVALID_PASSWORD,2,CN
2024-01-16 11:39:20,hacker47,206.154.182.192,UNAUTHENTIC,ACCOUNT_LOCKED,4,CN
2024-01-16 12:41:36,hacker56,208.12.2.65,AUTHENTIC,None,3,CN
2024-01-16 12:43:19,hacker79,130.159.98.78,AUTHENTIC,None,1,IN
2024-01-16 12:47:10,user195,251.102.172.95,AUTHENTIC,None,3,DE
2024-01-16 14:26:28,user27,34.248.229.144,UNAUTHENTIC,None,4,US
2024-01-16 15:34:51,user138,11.149.46.67,UNAUTHENTIC,None,2,DE
2024-01-16 17:00:44,hacker4,44.129.127.239,AUTHENTIC,None,4,CN
2024-01-16 17:14:51,user30,87.225.120.34,AUTHENTIC,None,2,RU
2024-01-16 18:55:17,hacker31,23.82.182.136,AUTHENTIC,None,5,DE
2024-01-16 19:00:48,user152,111.37.67.30,UNAUTHENTIC,INVALID_PASSWORD,5,US
2024-01-16 20:19:12,user108,81.12.251.33,AUTHENTIC,None,1,RU
2024-01-16 22:28:35,hacker87,128.224.250.214,UNAUTHENTIC,ACCOUNT_LOCKED,1,US
2024-01-16 23:55:33,user59,72.192.93.238,UNAUTHENTIC,SUSPICIOUS_IP,4,CN
2024-01-17 01:20:34,user84,111.73.232.225,AUTHENTIC,None,2,DE
2024-01-17 03:13:34,hacker31,68.157.213.195,AUTHENTIC,None,2,UK
2024-01-17 07:15:04,user52,238.68.133.81,AUTHENTIC,None,4,BR
2024-01-17 08:25:14,user57,112.229.43.81,AUTHENTIC,None,3,CN
2024-01-17 08:51:03,hacker75,189.255.126.196,AUTHENTIC,None,1,IN
2024-01-17 12:54:08,user112,244.39.143.219,AUTHENTIC,None,5,UK
2024-01-17 13:30:34,hacker79,237.169.163.205,UNAUTHENTIC,None,2,IN
2024-01-17 14:26:10,user100,113.14.49.39,UNAUTHENTIC,SUSPICIOUS_IP,4,US
2024-01-17 17:20:49,user118,14.59.47.10,AUTHENTIC,None,3,IN
2024-01-17 19:44:37,user162,121.67.42.181,AUTHENTIC,None,3,UK
2024-01-17 19:51:44,user70,120.112.30.255,AUTHENTIC,None,2,UK
2024-01-17 22:24:46,hacker17,230.238.127.11,UNAUTHENTIC,SUSPICIOUS_IP,2,CN
2024-01-17 23:40:31,hacker73,114.92.254.182,UNAUTHENTIC,SUSPICIOUS_IP,3,RU
2024-01-18 00:13:36,hacker18,144.125.118.127,AUTHENTIC,None,2,CN
2024-01-18 00:44:53,hacker60,29.217.185.222,AUTHENTIC,None,2,US
2024-01-18 03:08:31,user44,38.32.90.24,AUTHENTIC,None,1,IN
2024-01-18 05:04:33,user57,53.223.73.47,AUTHENTIC,None,2,RU
2024-01-18 05:29:47,user155,214.44.192.131,AUTHENTIC,None,4,DE
2024-01-18 05:30:24,hacker82,211.70.145.229,UNAUTHENTIC,USER_NOT_FOUND,4,BR
2024-01-18 06:24:49,user44,170.150.55.150,UNAUTHENTIC,INVALID_PASSWORD,3,UK
2024-01-18 08:35:28,user142,249.2.135.197,AUTHENTIC,None,1,RU
2024-01-18 09:58:22,user23,147.47.107.236,UNAUTHENTIC,INVALID_PASSWORD,3,DE
2024-01-18 13:47:06,user134,20.64.197.128,UNAUTHENTIC,USER_NOT_FOUND,5,RU
2024-01-18 13:54:24,user56,174.25.228.85,AUTHENTIC,None,4,CN
2024-01-18 14:03:08,user119,7.73.175.252,AUTHENTIC,None,1,DE
2024-01-18 14:25:37,hacker94,175.32.101.96,UNAUTHENTIC,SUSPICIOUS_IP,2,BR
2024-01-18 15:39:46,user64,152.238.244.28,AUTHENTIC,None,4,UK
2024-01-18 16:07:16,hacker56,215.83.40.8,UNAUTHENTIC,USER_NOT_FOUND,3,US
2024-01-18 16:41:56,user152,21.118.213.182,UNAUTHENTIC,SUSPICIOUS_IP,2,US
2024-01-18 16:48:16,user147,169.123.117.161,UNAUTHENTIC,INVALID_PASSWORD,4,RU
2024-01-18 17:46:07,user107,245.69.153.169,UNAUTHENTIC,None,3,DE
2024-01-18 17:59:51,user11,2.85.249.12,UNAUTHENTIC,INVALID_PASSWORD,2,RU
2024-01-18 21:51:12,user188,168.160.244.116,UNAUTHENTIC,USER_NOT_FOUND,3,IN
2024-01-18 22:15:11,user9,84.243.188.188,AUTHENTIC,None,2,BR
2024-01-18 23:16:23,user101,233.246.205.146,AUTHENTIC,None,3,UK
2024-01-19 01:25:06,user179,34.55.221.13,AUTHENTIC,None,1,RU
2024-01-19 03:20:23,user116,206.165.73.83,UNAUTHENTIC,SUSPICIOUS_IP,4,IN
2024-01-19 04:20:32,user22,205.15.191.19,AUTHENTIC,None,4,DE
2024-01-19 05:20:04,user4,141.244.155.98,AUTHENTIC,None,2,BR
2024-01-19 07:10:04,user105,24.103.66.46,AUTHENTIC,None,3,UK
2024-01-19 07:14:16,user34,62.248.198.222,UNAUTHENTIC,ACCOUNT_LOCKED,3,US
2024-01-19 11:59:02,user62,103.23.6.219,UNAUTHENTIC,USER_NOT_FOUND,1,IN
2024-01-19 12:05:49,user24,54.42.100.200,UNAUTHENTIC,USER_NOT_FOUND,5,DE
2024-01-19 18:09:06,hacker86,104.73.166.193,AUTHENTIC,None,2,BR
2024-01-19 19:22:59,user181,245.168.40.31,UNAUTHENTIC,None,5,IN
2024-01-19 19:24:11,user147,77.126.206.111,UNAUTHENTIC,INVALID_PASSWORD,4,RU
2024-01-19 19:29:40,user7,189.207.236.80,AUTHENTIC,None,5,CN
2024-01-19 20:41:34,user119,232.176.155.34,AUTHENTIC,None,2,US
2024-01-19 21:55:09,user181,92.171.25.214,AUTHENTIC,None,2,RU
2024-01-19 22:30:44,user95,95.132.52.126,UNAUTHENTIC,INVALID_PASSWORD,3,RU
2024-01-20 00:33:08,user181,115.227.100.122,AUTHENTIC,None,1,DE
2024-01-20 00:40:49,user161,69.145.154.109,AUTHENTIC,None,2,DE
2024-01-20 00:53:11,hacker89,24.194.109.208,UNAUTHENTIC,INVALID_PASSWORD,5,BR
2024-01-20 02:21:29,user9,95.158.48.112,AUTHENTIC,None,2,DE
2024-01-20 03:55:50,hacker97,162.110.24.11,AUTHENTIC,None,2,IN
2024-01-20 04:23:49,hacker79,132.88.250.119,AUTHENTIC,None,6,US
2024-01-20 07:14:43,user54,174.58.166.176,AUTHENTIC,None,4,RU
2024-01-20 08:00:29,user21,183.40.239.127,UNAUTHENTIC,None,5,BR
2024-01-20 08:11:35,user86,135.162.166.135,AUTHENTIC,None,5,US
2024-01-20 08:33:02,user15,22.75.120.112,AUTHENTIC,None,3,DE
2024-01-20 10:16:33,user173,21.233.206.123,AUTHENTIC,None,3,DE
2024-01-20 11:19:21,user14,77.39.252.33,AUTHENTIC,None,3,IN
2024-01-20 11:49:39,hacker47,176.232.77.216,AUTHENTIC,None,3,DE
2024-01-20 14:59:22,user11,64.134.110.76,UNAUTHENTIC,INVALID_PASSWORD,4,RU
2024-01-20 17:05:11,user45,146.13.142.20,UNAUTHENTIC,None,2,UK
2024-01-20 18:08:32,user181,235.12.132.28,UNAUTHENTIC,INVALID_PASSWORD,5,RU
2024-01-20 18:25:54,hacker91,131.109.106.25,UNAUTHENTIC,ACCOUNT_LOCKED,3,RU
2024-01-20 18:28:12,user36,119.170.185.146,AUTHENTIC,None,4,DE
2024-01-20 18:39:14,user62,209.65.91.66,AUTHENTIC,None,3,US
2024-01-20 20:01:49,user167,150.21.197.129,UNAUTHENTIC,None,3,DE
2024-01-20 20:25:17,user193,5.30.190.170,AUTHENTIC,None,2,US
2024-01-20 20:43:14,user180,119.46.202.47,AUTHENTIC,None,2,US
2024-01-20 22:04:00,hacker96,216.101.12.22,AUTHENTIC,None,2,US
2024-01-20 23:52:24,user83,107.225.181.77,AUTHENTIC,None,5,BR
2024-01-21 01:23:35,user69,81.151.186.117,AUTHENTIC,None,2,CN
2024-01-21 02:50:19,user109,194.172.116.160,UNAUTHENTIC,USER_NOT_FOUND,3,DE
2024-01-21 03:28:47,hacker9,207.68.88.248,AUTHENTIC,None,2,BR
2024-01-21 03:47:54,user116,236.224.208.48,AUTHENTIC,None,3,RU
2024-01-21 04:08:33,user135,55.48.21.192,UNAUTHENTIC,ACCOUNT_LOCKED,4,BR
2024-01-21 04:55:10,user121,252.155.67.224,UNAUTHENTIC,USER_NOT_FOUND,3,IN
2024-01-21 06:20:12,user174,173.28.112.137,AUTHENTIC,None,3,UK
2024-01-21 06:44:18,user75,5.2.102.30,AUTHENTIC,None,1,US
2024-01-21 08:56:24,user95,4.44.168.123,UNAUTHENTIC,INVALID_PASSWORD,1,DE
2024-01-21 09:45:17,user178,118.178.104.223,UNAUTHENTIC,ACCOUNT_LOCKED,1,IN
2024-01-21 10:26:40,user17,169.248.191.155,UNAUTHENTIC,USER_NOT_FOUND,4,DE
2024-01-21 11:11:54,hacker59,186.125.78.159,UNAUTHENTIC,SUSPICIOUS_IP,4,UK
2024-01-21 11:51:57,hacker51,209.250.158.93,UNAUTHENTIC,ACCOUNT_LOCKED,3,IN
2024-01-21 12:03:19,user74,177.173.247.177,AUTHENTIC,None,1,DE
2024-01-21 12:42:31,user20,173.102.206.78,UNAUTHENTIC,None,4,RU
2024-01-21 13:52:46,hacker36,23.33.35.4,AUTHENTIC,None,2,US
2024-01-21 14:39:28,hacker19,49.29.209.5,UNAUTHENTIC,ACCOUNT_LOCKED,2,IN
2024-01-21 16:05:30,user53,179.249.49.220,AUTHENTIC,None,3,RU
2024-01-21 17:52:52,user161,7.54.124.167,AUTHENTIC,None,4,US
2024-01-21 17:53:10,hacker54,38.167.62.112,AUTHENTIC,None,3,CN
2024-01-21 21:03:05,user139,216.161.220.203,AUTHENTIC,None,3,RU
2024-01-21 22:44:28,user122,138.49.23.78,AUTHENTIC,None,4,BR
2024-01-22 02:02:53,user114,198.119.38.122,AUTHENTIC,None,7,DE
2024-01-22 04:13:46,user6,109.6.30.43,AUTHENTIC,None,3,US
2024-01-22 06:48:13,hacker9,232.40.190.180,UNAUTHENTIC,INVALID_PASSWORD,1,IN
2024-01-22 07:36:40,hacker30,114.247.125.121,AUTHENTIC,None,4,UK
2024-01-22 07:52:06,user134,6.221.116.150,UNAUTHENTIC,None,1,IN
2024-01-22 08:18:41,user106,63.52.76.146,UNAUTHENTIC,None,2,BR
2024-01-22 09:58:59,user168,213.214.101.14,UNAUTHENTIC,ACCOUNT_LOCKED,1,DE
2024-01-22 10:51:58,user84,86.3.27.162,AUTHENTIC,None,6,BR
2024-01-22 11:55:58,user171,217.183.111.251,UNAUTHENTIC,INVALID_PASSWORD,1,IN
2024-01-22 13:27:23,user141,107.218.127.189,AUTHENTIC,None,8,DE
2024-01-22 14:44:42,user78,149.153.188.142,AUTHENTIC,None,3,UK
2024-01-22 16:02:16,user79,75.10.125.103,AUTHENTIC,None,5,US
2024-01-22 16:31:49,hacker34,125.132.152.186,AUTHENTIC,None,5,DE
2024-01-22 17:05:59,hacker48,157.240.174.232,UNAUTHENTIC,None,2,RU
2024-01-22 17:52:24,user198,210.223.125.60,AUTHENTIC,None,3,DE
2024-01-22 21:04:47,user38,183.16.136.5,UNAUTHENTIC,INVALID_PASSWORD,2,BR
2024-01-22 21:23:55,user117,109.148.81.142,UNAUTHENTIC,USER_NOT_FOUND,3,BR
2024-01-22 23:25:28,user159,17.69.229.166,AUTHENTIC,None,1,BR
2024-01-23 01:21:05,user183,107.228.122.30,AUTHENTIC,None,4,UK
2024-01-23 01:26:19,user47,127.160.241.166,AUTHENTIC,None,3,DE
2024-01-23 01:33:06,user182,89.115.179.112,AUTHENTIC,None,3,DE
2024-01-23 03:19:28,user171,6.42.74.186,AUTHENTIC,None,4,CN
2024-01-23 05:03:13,user42,50.121.89.113,UNAUTHENTIC,SUSPICIOUS_IP,1,UK
2024-01-23 05:45:46,hacker6,60.130.57.151,UNAUTHENTIC,USER_NOT_FOUND,3,US
2024-01-23 07:09:03,user148,233.176.87.236,AUTHENTIC,None,1,US
2024-01-23 07:24:49,hacker34,155.219.216.184,AUTHENTIC,None,1,US
2024-01-23 12:22:46,user53,169.120.34.227,UNAUTHENTIC,INVALID_PASSWORD,5,US
2024-01-23 14:30:14,user9,76.186.183.100,AUTHENTIC,None,2,US
2024-01-23 14:46:00,user89,246.107.214.241,UNAUTHENTIC,SUSPICIOUS_IP,3,IN
2024-01-23 16:58:08,hacker58,173.168.189.93,AUTHENTIC,None,1,BR
2024-01-23 17:52:22,user42,204.121.205.249,AUTHENTIC,None,1,UK
2024-01-23 18:27:50,user32,217.42.160.54,UNAUTHENTIC,None,5,IN
2024-01-23 19:36:50,user104,73.177.192.23,AUTHENTIC,None,1,UK
2024-01-23 19:57:37,user197,171.124.34.45,UNAUTHENTIC,INVALID_PASSWORD,3,CN
2024-01-23 23:05:13,hacker59,52.41.156.126,UNAUTHENTIC,SUSPICIOUS_IP,2,DE
2024-01-23 23:41:24,user40,26.204.107.242,AUTHENTIC,None,3,RU
2024-01-24 01:35:25,hacker95,255.127.78.61,AUTHENTIC,None,3,BR
2024-01-24 01:47:59,user130,54.143.13.5,UNAUTHENTIC,USER_NOT_FOUND,3,CN
2024-01-24 02:46:20,user181,92.226.67.92,UNAUTHENTIC,ACCOUNT_LOCKED,3,IN
2024-01-24 02:53:19,hacker38,174.41.45.212,AUTHENTIC,None,3,RU
2024-01-24 05:56:01,user194,221.229.129.9,UNAUTHENTIC,SUSPICIOUS_IP,2,DE
2024-01-24 08:51:15,user147,207.17.87.111,AUTHENTIC,None,2,CN
2024-01-24 10:25:39,user145,30.159.59.31,AUTHENTIC,None,2,DE
2024-01-24 10:50:31,user114,144.58.125.67,UNAUTHENTIC,ACCOUNT_LOCKED,6,DE
2024-01-24 12:33:43,user29,255.88.201.91,AUTHENTIC,None,4,UK
2024-01-24 13:52:23,user11,197.12.198.225,UNAUTHENTIC,SUSPICIOUS_IP,3,RU
2024-01-24 14:56:05,hacker71,143.69.230.39,AUTHENTIC,None,2,UK
2024-01-24 17:13:13,hacker4,219.177.224.132,AUTHENTIC,None,4,DE
2024-01-24 17:51:17,user57,155.172.27.181,AUTHENTIC,None,1,CN
2024-01-24 20:56:36,user24,13.238.243.113,AUTHENTIC,None,3,DE
2024-01-24 21:20:35,user156,205.118.247.216,UNAUTHENTIC,None,2,IN
2024-01-24 22:38:59,user150,194.29.250.28,AUTHENTIC,None,4,DE
2024-01-25 04:22:18,user197,201.157.157.201,AUTHENTIC,None,2,UK
2024-01-25 04:42:09,hacker3,220.243.27.211,AUTHENTIC,None,1,RU
2024-01-25 05:58:21,hacker58,144.11.130.27,AUTHENTIC,None,3,CN
2024-01-25 09:29:10,user23,43.162.31.223,UNAUTHENTIC,SUSPICIOUS_IP,4,UK
2024-01-25 09:45:54,user101,53.234.93.41,AUTHENTIC,None,2,DE
2024-01-25 12:04:34,hacker41,187.75.182.114,AUTHENTIC,None,3,IN
2024-01-25 12:20:31,user131,196.130.128.188,AUTHENTIC,None,2,BR
2024-01-25 13:53:35,user171,223.26.40.166,AUTHENTIC,None,4,IN
2024-01-25 14:36:08,user38,94.86.210.36,AUTHENTIC,None,3,DE
2024-01-25 15:08:32,user110,32.218.52.113,AUTHENTIC,None,2,IN
2024-01-25 17:09:39,user96,249.107.197.197,AUTHENTIC,None,5,BR
2024-01-25 18:08:03,hacker45,2.63.214.208,UNAUTHENTIC,ACCOUNT_LOCKED,1,IN
2024-01-25 19:36:32,user115,122.88.74.130,UNAUTHENTIC,ACCOUNT_LOCKED,8,BR
2024-01-25 19:39:17,user23,44.22.69.96,AUTHENTIC,None,3,DE
2024-01-25 20:36:22,hacker57,184.194.107.93,AUTHENTIC,None,5,BR
2024-01-25 21:47:19,user107,162.171.63.39,AUTHENTIC,None,4,UK
2024-01-26 00:35:23,user74,193.193.136.108,AUTHENTIC,None,4,UK
2024-01-26 01:49:12,hacker94,202.59.36.206,AUTHENTIC,None,7,BR
2024-01-26 03:20:35,user109,110.106.236.105,AUTHENTIC,None,2,CN
2024-01-26 08:37:07,user107,230.118.244.219,AUTHENTIC,None,1,RU
2024-01-26 09:05:36,hacker76,133.204.175.93,AUTHENTIC,None,4,CN
2024-01-26 09:38:14,user37,242.8.114.38,AUTHENTIC,None,2,BR
2024-01-26 12:09:08,hacker61,198.3.184.207,AUTHENTIC,None,1,RU
2024-01-26 15:11:31,user135,133.242.18.22,AUTHENTIC,None,1,UK
2024-01-26 16:39:10,user17,87.81.103.252,AUTHENTIC,None,2,RU
2024-01-26 20:13:00,user152,198.43.112.16,AUTHENTIC,None,4,BR
2024-01-26 22:03:52,user23,101.195.10.170,AUTHENTIC,None,6,UK
2024-01-26 22:18:27,hacker82,237.165.39.232,AUTHENTIC,None,2,RU
2024-01-26 22:39:17,user107,148.15.251.162,AUTHENTIC,None,5,RU
2024-01-27 00:07:49,hacker60,251.183.205.170,AUTHENTIC,None,4,CN
2024-01-27 03:38:41,user194,225.134.250.76,AUTHENTIC,None,3,RU
2024-01-27 04:03:17,user52,108.103.227.175,AUTHENTIC,None,3,DE
2024-01-27 05:01:02,hacker49,180.142.224.78,AUTHENTIC,None,2,BR
2024-01-27 06:45:48,hacker63,185.191.81.233,UNAUTHENTIC,None,4,US
2024-01-27 08:30:53,hacker39,89.3.212.72,AUTHENTIC,None,4,US
2024-01-27 08:52:24,user78,231.136.157.236,AUTHENTIC,None,7,US
2024-01-27 12:14:16,user190,38.180.104.115,UNAUTHENTIC,ACCOUNT_LOCKED,3,BR
2024-01-27 13:26:59,user7,165.53.228.140,AUTHENTIC,None,3,US
2024-01-27 14:11:19,user40,160.202.159.167,AUTHENTIC,None,3,CN
2024-01-27 14:39:09,hacker82,114.179.89.228,UNAUTHENTIC,SUSPICIOUS_IP,3,BR
2024-01-27 19:19:21,user121,208.201.167.104,UNAUTHENTIC,SUSPICIOUS_IP,4,DE
2024-01-27 22:44:36,hacker86,199.51.226.78,AUTHENTIC,None,4,UK
2024-01-28 03:52:33,user107,22.10.138.86,AUTHENTIC,None,3,DE
2024-01-28 03:55:49,hacker89,100.186.185.190,AUTHENTIC,None,4,BR
2024-01-28 04:19:44,user8,226.33.134.254,AUTHENTIC,None,3,BR
2024-01-28 08:13:14,hacker36,139.73.55.24,AUTHENTIC,None,2,RU
2024-01-28 09:00:21,user18,131.142.80.134,AUTHENTIC,None,2,RU
2024-01-28 09:03:23,user93,88.194.163.41,AUTHENTIC,None,3,RU
2024-01-28 10:29:31,user145,6.8.228.204,UNAUTHENTIC,ACCOUNT_LOCKED,2,IN
2024-01-28 11:26:48,user67,139.152.67.62,UNAUTHENTIC,ACCOUNT_LOCKED,4,CN
2024-01-28 16:07:00,user122,214.199.78.186,AUTHENTIC,None,4,BR
2024-01-28 17:02:54,user31,109.253.130.29,AUTHENTIC,None,2,DE
2024-01-28 19:30:45,user188,188.16.216.96,AUTHENTIC,None,5,BR
2024-01-28 19:31:44,user67,67.161.130.91,UNAUTHENTIC,USER_NOT_FOUND,5,RU
2024-01-28 21:49:11,hacker8,32.13.194.167,AUTHENTIC,None,3,BR
2024-01-29 00:35:17,hacker60,241.32.115.77,AUTHENTIC,None,3,UK
2024-01-29 01:06:33,user35,147.189.2.117,AUTHENTIC,None,6,BR
2024-01-29 04:12:00,user14,87.252.61.207,AUTHENTIC,None,3,DE
2024-01-29 09:00:19,hacker54,191.254.149.145,AUTHENTIC,None,6,US
2024-01-29 10:31:55,user92,183.229.241.161,UNAUTHENTIC,USER_NOT_FOUND,4,UK
2024-01-29 10:35:20,hacker38,171.137.217.153,UNAUTHENTIC,ACCOUNT_LOCKED,4,UK
2024-01-29 11:04:09,user20,60.90.77.73,AUTHENTIC,None,2,BR
2024-01-29 12:19:14,user197,171.201.209.184,AUTHENTIC,None,4,IN
2024-01-29 12:52:04,user196,147.173.36.183,AUTHENTIC,None,1,RU
2024-01-29 14:05:16,hacker97,97.134.189.64,UNAUTHENTIC,None,4,CN
2024-01-29 14:49:55,hacker42,27.84.133.150,UNAUTHENTIC,USER_NOT_FOUND,2,CN
2024-01-29 17:03:00,user176,50.211.200.93,UNAUTHENTIC,USER_NOT_FOUND,1,US
2024-01-29 17:57:21,user70,117.26.38.183,UNAUTHENTIC,None,2,CN
2024-01-29 19:16:58,user177,109.213.106.21,AUTHENTIC,None,6,CN
2024-01-29 20:24:14,user137,24.16.109.228,AUTHENTIC,None,1,RU
2024-01-29 20:33:34,user37,34.122.55.115,AUTHENTIC,None,4,RU
2024-01-29 20:51:00,hacker67,20.95.174.135,UNAUTHENTIC,INVALID_PASSWORD,2,IN
2024-01-29 20:59:47,hacker100,104.151.144.133,AUTHENTIC,None,3,DE
2024-01-29 22:57:12,user88,200.102.224.68,AUTHENTIC,None,4,US
2024-01-30 02:03:06,user42,150.128.163.109,UNAUTHENTIC,USER_NOT_FOUND,5,CN
2024-01-30 02:05:10,hacker20,113.177.239.243,AUTHENTIC,None,1,IN
2024-01-30 02:28:32,user49,126.188.250.107,AUTHENTIC,None,2,US
2024-01-30 02:29:51,user144,211.42.37.130,UNAUTHENTIC,ACCOUNT_LOCKED,5,UK
2024-01-30 06:31:47,user135,33.125.183.118,AUTHENTIC,None,2,CN
2024-01-30 06:41:31,user183,34.248.181.132,AUTHENTIC,None,5,CN
2024-01-30 10:10:40,user194,221.136.31.178,UNAUTHENTIC,SUSPICIOUS_IP,6,RU
2024-01-30 15:48:30,user107,55.117.122.9,AUTHENTIC,None,2,BR
2024-01-30 17:32:35,user20,192.41.242.144,UNAUTHENTIC,INVALID_PASSWORD,3,US
2024-01-30 18:05:07,hacker17,95.236.244.31,AUTHENTIC,None,4,CN
2024-01-30 20:03:03,user123,155.219.105.29,AUTHENTIC,None,2,US
2024-01-30 21:21:50,user177,31.95.147.75,UNAUTHENTIC,SUSPICIOUS_IP,4,DE
2024-01-30 21:30:58,user114,11.134.40.31,AUTHENTIC,None,3,IN
2024-01-30 22:01:02,user153,96.79.254.96,AUTHENTIC,None,4,IN
2024-01-30 22:36:53,user88,78.76.125.8,UNAUTHENTIC,ACCOUNT_LOCKED,2,BR
2024-01-31 01:12:18,hacker39,203.37.37.201,AUTHENTIC,None,1,CN
2024-01-31 04:11:55,hacker16,151.108.13.240,AUTHENTIC,None,4,DE
2024-01-31 05:35:47,hacker89,229.79.228.73,AUTHENTIC,None,1,RU
2024-01-31 07:09:55,hacker30,56.47.210.190,AUTHENTIC,None,2,CN
2024-01-31 09:13:33,user54,126.1.32.141,AUTHENTIC,None,1,US
2024-01-31 11:47:37,hacker11,90.18.223.12,AUTHENTIC,None,3,UK
2024-01-31 12:04:38,user196,107.124.147.80,UNAUTHENTIC,ACCOUNT_LOCKED,2,IN
2024-01-31 13:14:47,user20,145.116.231.87,UNAUTHENTIC,USER_NOT_FOUND,2,US
2024-01-31 14:28:25,hacker62,201.97.122.214,AUTHENTIC,None,2,BR
2024-01-31 19:12:36,user11,185.214.156.34,AUTHENTIC,None,1,IN
2024-01-31 19:21:23,hacker5,196.36.130.163,AUTHENTIC,None,2,RU
2024-01-31 19:59:09,user132,118.195.116.171,AUTHENTIC,None,1,IN
2024-01-31 22:34:08,user121,115.39.222.187,UNAUTHENTIC,None,3,UK
2024-01-31 23:36:38,hacker33,84.23.205.160,UNAUTHENTIC,SUSPICIOUS_IP,4,DE
2024-01-31 23:43:59,hacker39,171.160.105.100,UNAUTHENTIC,ACCOUNT_LOCKED,3,CN
