subscription_id,user_id,subscription_date,service_type,service_name,monthly_fee_usd,subscription_status,auto_renew
SUB000001,USER8030,2024-01-01 03:38:13,ENTERPRISE,Cloud Storage,99.99,ACTIVE,False
SUB000002,USER3111,2024-01-01 05:22:32,PREMIUM,Analytics Dashboard,29.99,ACTIVE,True
SUB000003,USER7396,2024-01-01 06:17:18,PREMIUM,API Service,29.99,ACTIVE,True
SUB000004,USER3846,2024-01-01 07:13:05,ENTERPRISE,Database Access,99.99,ACTIVE,True
SUB000005,USER7604,2024-01-01 07:26:47,ENTERPRISE,API Service,99.99,ACTIVE,True
SUB000006,USER6212,2024-01-01 08:44:13,BASIC,Analytics Dashboard,9.99,ACTIVE,True
SUB000007,USER9475,2024-01-01 09:07:27,BASIC,Analytics Dashboard,9.99,ACTIVE,False
SUB000008,USER3595,2024-01-01 11:54:29,ENTERPRISE,VPN Service,99.99,ACTIVE,True
SUB000009,USER8166,2024-01-01 12:24:28,PREMIUM,API Service,29.99,ACTIVE,True
SUB000010,USER4784,2024-01-01 14:00:29,BASIC,API Service,9.99,ACTIVE,True
SUB000011,USER2631,2024-01-01 16:28:25,FREE_TRIAL,API Service,0.0,ACTIVE,True
SUB000012,USER3069,2024-01-01 18:19:21,BASIC,Cloud Storage,9.99,SUSPENDED,True
SUB000013,USER9261,2024-01-01 19:57:02,BASIC,Backup Service,9.99,ACTIVE,True
SUB000014,USER2939,2024-01-01 21:54:54,BASIC,Analytics Dashboard,9.99,SUSPENDED,True
SUB000015,USER7422,2024-01-01 23:01:51,PREMIUM,Email Service,29.99,SUSPENDED,True
SUB000016,USER5263,2024-01-02 00:49:50,PREMIUM,Cloud Storage,29.99,ACTIVE,True
SUB000017,USER3605,2024-01-02 02:03:17,BASIC,Cloud Storage,9.99,ACTIVE,True
SUB000018,USER6282,2024-01-02 03:02:31,BASIC,Cloud Storage,9.99,PENDING,True
SUB000019,USER4338,2024-01-02 03:19:25,BASIC,VPN Service,9.99,ACTIVE,True
SUB000020,USER2527,2024-01-02 04:13:35,PREMIUM,Backup Service,29.99,CANCELLED,True
SUB000021,USER2528,2024-01-02 04:57:00,BASIC,Backup Service,9.99,ACTIVE,True
SUB000022,USER1420,2024-01-02 06:18:52,FREE_TRIAL,Email Service,0.0,ACTIVE,False
SUB000023,USER8166,2024-01-02 07:13:24,BASIC,API Service,9.99,ACTIVE,True
SUB000024,USER1189,2024-01-02 07:31:04,FREE_TRIAL,VPN Service,0.0,ACTIVE,True
SUB000025,USER3507,2024-01-02 10:22:38,BASIC,Analytics Dashboard,9.99,ACTIVE,True
SUB000026,USER1455,2024-01-02 10:26:16,ENTERPRISE,Database Access,99.99,ACTIVE,True
SUB000027,USER9907,2024-01-02 11:01:39,BASIC,VPN Service,9.99,CANCELLED,True
SUB000028,USER2290,2024-01-02 11:30:40,BASIC,Database Access,9.99,CANCELLED,True
SUB000029,USER7265,2024-01-02 12:49:24,ENTERPRISE,Analytics Dashboard,99.99,ACTIVE,True
SUB000030,USER1414,2024-01-02 13:01:44,ENTERPRISE,Email Service,99.99,CANCELLED,True
SUB000031,USER3138,2024-01-02 15:16:26,PREMIUM,Backup Service,29.99,CANCELLED,True
SUB000032,USER8433,2024-01-02 17:45:14,ENTERPRISE,Database Access,99.99,CANCELLED,True
SUB000033,USER6867,2024-01-02 18:05:17,PREMIUM,Cloud Storage,29.99,ACTIVE,True
SUB000034,USER4056,2024-01-02 18:52:01,ENTERPRISE,VPN Service,99.99,SUSPENDED,False
SUB000035,USER4927,2024-01-02 19:15:22,BASIC,Database Access,9.99,ACTIVE,True
SUB000036,USER4633,2024-01-02 19:16:07,PREMIUM,Analytics Dashboard,29.99,ACTIVE,True
SUB000037,USER5864,2024-01-02 19:29:38,PREMIUM,Backup Service,29.99,PENDING,True
SUB000038,USER4175,2024-01-02 20:17:41,BASIC,Cloud Storage,9.99,ACTIVE,False
SUB000039,USER9772,2024-01-02 20:41:57,ENTERPRISE,Database Access,99.99,ACTIVE,True
SUB000040,USER5018,2024-01-02 21:19:02,BASIC,Backup Service,9.99,CANCELLED,True
SUB000041,USER7194,2024-01-02 22:16:16,BASIC,Analytics Dashboard,9.99,ACTIVE,True
SUB000042,USER5267,2024-01-02 23:04:28,PREMIUM,Email Service,29.99,CANCELLED,True
SUB000043,USER1847,2024-01-03 00:09:38,PREMIUM,Analytics Dashboard,29.99,SUSPENDED,True
SUB000044,USER5505,2024-01-03 00:19:44,BASIC,Email Service,9.99,ACTIVE,True
SUB000045,USER2359,2024-01-03 01:01:54,BASIC,Backup Service,9.99,ACTIVE,True
SUB000046,USER3355,2024-01-03 03:35:10,FREE_TRIAL,Backup Service,0.0,SUSPENDED,True
SUB000047,USER1379,2024-01-03 04:25:39,BASIC,Cloud Storage,9.99,ACTIVE,True
SUB000048,USER2694,2024-01-03 05:18:04,PREMIUM,Analytics Dashboard,29.99,CANCELLED,True
SUB000049,USER2817,2024-01-03 07:26:35,ENTERPRISE,API Service,99.99,CANCELLED,True
SUB000050,USER8522,2024-01-03 15:35:39,PREMIUM,VPN Service,29.99,ACTIVE,True
SUB000051,USER3010,2024-01-03 23:58:22,FREE_TRIAL,API Service,0.0,ACTIVE,False
SUB000052,USER2754,2024-01-04 01:56:27,ENTERPRISE,API Service,99.99,CANCELLED,True
SUB000053,USER3323,2024-01-04 02:26:26,PREMIUM,API Service,29.99,ACTIVE,False
SUB000054,USER5627,2024-01-04 02:32:28,PREMIUM,VPN Service,29.99,ACTIVE,True
SUB000055,USER5292,2024-01-04 05:29:20,PREMIUM,API Service,29.99,CANCELLED,True
SUB000056,USER3959,2024-01-04 05:46:57,PREMIUM,Email Service,29.99,CANCELLED,True
SUB000057,USER2520,2024-01-04 08:41:36,ENTERPRISE,Analytics Dashboard,99.99,ACTIVE,True
SUB000058,USER2267,2024-01-04 11:51:05,BASIC,Backup Service,9.99,ACTIVE,True
SUB000059,USER9097,2024-01-04 11:58:16,BASIC,Cloud Storage,9.99,ACTIVE,True
SUB000060,USER6921,2024-01-04 13:16:48,BASIC,API Service,9.99,SUSPENDED,True
SUB000061,USER4407,2024-01-04 13:44:04,BASIC,Backup Service,9.99,CANCELLED,True
SUB000062,USER7402,2024-01-04 14:56:27,BASIC,API Service,9.99,PENDING,True
SUB000063,USER2649,2024-01-04 16:04:15,ENTERPRISE,Cloud Storage,99.99,ACTIVE,True
SUB000064,USER9045,2024-01-04 16:25:50,PREMIUM,Cloud Storage,29.99,SUSPENDED,True
SUB000065,USER1359,2024-01-04 21:04:04,PREMIUM,API Service,29.99,PENDING,False
SUB000066,USER7778,2024-01-05 00:17:51,PREMIUM,Email Service,29.99,ACTIVE,False
SUB000067,USER2205,2024-01-05 00:20:38,ENTERPRISE,Backup Service,99.99,ACTIVE,True
SUB000068,USER8971,2024-01-05 01:20:44,PREMIUM,Cloud Storage,29.99,CANCELLED,True
SUB000069,USER2250,2024-01-05 03:13:35,ENTERPRISE,Analytics Dashboard,99.99,ACTIVE,False
SUB000070,USER4445,2024-01-05 03:47:37,BASIC,Backup Service,9.99,ACTIVE,False
SUB000071,USER7879,2024-01-05 08:46:42,FREE_TRIAL,Analytics Dashboard,0.0,ACTIVE,True
SUB000072,USER7148,2024-01-05 09:40:19,PREMIUM,Backup Service,29.99,ACTIVE,False
SUB000073,USER6137,2024-01-05 11:41:46,BASIC,Email Service,9.99,ACTIVE,True
SUB000074,USER8387,2024-01-05 11:56:18,PREMIUM,VPN Service,29.99,ACTIVE,True
SUB000075,USER3639,2024-01-05 14:11:18,PREMIUM,Database Access,29.99,PENDING,True
SUB000076,USER3945,2024-01-05 15:52:11,BASIC,Email Service,9.99,SUSPENDED,True
SUB000077,USER5894,2024-01-05 16:51:28,PREMIUM,API Service,29.99,SUSPENDED,False
SUB000078,USER1166,2024-01-05 17:15:49,BASIC,Database Access,9.99,ACTIVE,True
SUB000079,USER3927,2024-01-05 20:01:11,BASIC,API Service,9.99,SUSPENDED,True
SUB000080,USER1515,2024-01-05 21:49:12,FREE_TRIAL,Analytics Dashboard,0.0,SUSPENDED,True
SUB000081,USER2920,2024-01-05 23:42:15,PREMIUM,Cloud Storage,29.99,ACTIVE,True
SUB000082,USER6616,2024-01-05 23:56:17,ENTERPRISE,Backup Service,99.99,ACTIVE,True
SUB000083,USER6681,2024-01-06 02:08:32,PREMIUM,API Service,29.99,ACTIVE,False
SUB000084,USER8928,2024-01-06 02:22:40,BASIC,Analytics Dashboard,9.99,CANCELLED,True
SUB000085,USER9953,2024-01-06 04:18:33,PREMIUM,Email Service,29.99,ACTIVE,True
SUB000086,USER1082,2024-01-06 04:55:39,PREMIUM,API Service,29.99,SUSPENDED,False
SUB000087,USER3595,2024-01-06 06:28:55,FREE_TRIAL,Analytics Dashboard,0.0,ACTIVE,True
SUB000088,USER9548,2024-01-06 11:02:18,BASIC,Cloud Storage,9.99,ACTIVE,False
SUB000089,USER5169,2024-01-06 15:47:55,ENTERPRISE,Backup Service,99.99,SUSPENDED,True
SUB000090,USER2992,2024-01-06 15:55:00,FREE_TRIAL,API Service,0.0,ACTIVE,True
SUB000091,USER4159,2024-01-06 16:47:07,PREMIUM,VPN Service,29.99,ACTIVE,True
SUB000092,USER1484,2024-01-06 16:47:44,FREE_TRIAL,Analytics Dashboard,0.0,PENDING,False
SUB000093,USER9781,2024-01-06 17:13:49,BASIC,API Service,9.99,SUSPENDED,True
SUB000094,USER1377,2024-01-06 18:27:43,FREE_TRIAL,Cloud Storage,0.0,ACTIVE,True
SUB000095,USER9486,2024-01-06 21:27:34,ENTERPRISE,Backup Service,99.99,ACTIVE,True
SUB000096,USER9384,2024-01-06 23:00:12,BASIC,API Service,9.99,ACTIVE,True
SUB000097,USER3496,2024-01-07 00:31:53,FREE_TRIAL,API Service,0.0,CANCELLED,True
SUB000098,USER4543,2024-01-07 02:37:01,PREMIUM,Backup Service,29.99,ACTIVE,False
SUB000099,USER6978,2024-01-07 03:23:46,PREMIUM,VPN Service,29.99,ACTIVE,False
SUB000100,USER2880,2024-01-07 05:53:34,PREMIUM,Analytics Dashboard,29.99,ACTIVE,True
SUB000101,USER4554,2024-01-07 06:44:06,BASIC,Database Access,9.99,SUSPENDED,True
SUB000102,USER1483,2024-01-07 08:11:16,PREMIUM,Backup Service,29.99,SUSPENDED,True
SUB000103,USER6366,2024-01-07 09:19:05,ENTERPRISE,API Service,99.99,PENDING,True
SUB000104,USER3270,2024-01-07 10:36:23,BASIC,Database Access,9.99,ACTIVE,False
SUB000105,USER4600,2024-01-07 10:56:48,BASIC,Email Service,9.99,SUSPENDED,False
SUB000106,USER2367,2024-01-07 10:59:47,BASIC,API Service,9.99,ACTIVE,False
SUB000107,USER3073,2024-01-07 13:33:17,PREMIUM,Database Access,29.99,ACTIVE,True
SUB000108,USER5384,2024-01-07 15:37:15,ENTERPRISE,Email Service,99.99,CANCELLED,True
SUB000109,USER5483,2024-01-07 18:18:58,ENTERPRISE,VPN Service,99.99,ACTIVE,True
SUB000110,USER8890,2024-01-07 20:56:05,FREE_TRIAL,Analytics Dashboard,0.0,ACTIVE,True
SUB000111,USER4264,2024-01-07 22:11:02,PREMIUM,API Service,29.99,SUSPENDED,True
SUB000112,USER2506,2024-01-08 01:04:03,BASIC,Analytics Dashboard,9.99,ACTIVE,False
SUB000113,USER6710,2024-01-08 03:56:57,FREE_TRIAL,Email Service,0.0,ACTIVE,False
SUB000114,USER5822,2024-01-08 05:18:58,ENTERPRISE,Analytics Dashboard,99.99,ACTIVE,False
SUB000115,USER8652,2024-01-08 06:06:30,PREMIUM,Analytics Dashboard,29.99,ACTIVE,False
SUB000116,USER9123,2024-01-08 06:47:10,PREMIUM,Backup Service,29.99,CANCELLED,True
SUB000117,USER8144,2024-01-08 07:05:37,FREE_TRIAL,Cloud Storage,0.0,ACTIVE,True
SUB000118,USER9399,2024-01-08 09:47:35,ENTERPRISE,Email Service,99.99,CANCELLED,True
SUB000119,USER7552,2024-01-08 10:15:51,BASIC,Analytics Dashboard,9.99,ACTIVE,True
SUB000120,USER4163,2024-01-08 10:29:45,ENTERPRISE,Database Access,99.99,ACTIVE,True
SUB000121,USER5097,2024-01-08 14:23:30,BASIC,Email Service,9.99,ACTIVE,True
SUB000122,USER3833,2024-01-08 14:46:56,BASIC,Cloud Storage,9.99,CANCELLED,True
SUB000123,USER4242,2024-01-08 14:50:26,PREMIUM,API Service,29.99,ACTIVE,True
SUB000124,USER5605,2024-01-08 17:25:24,BASIC,VPN Service,9.99,SUSPENDED,True
SUB000125,USER7436,2024-01-08 18:32:36,BASIC,Analytics Dashboard,9.99,ACTIVE,True
SUB000126,USER2685,2024-01-08 18:52:52,BASIC,Database Access,9.99,PENDING,True
SUB000127,USER6105,2024-01-08 23:50:15,PREMIUM,Cloud Storage,29.99,CANCELLED,True
SUB000128,USER3714,2024-01-09 04:26:35,ENTERPRISE,Email Service,99.99,SUSPENDED,True
SUB000129,USER4372,2024-01-09 04:46:12,FREE_TRIAL,VPN Service,0.0,CANCELLED,False
SUB000130,USER8992,2024-01-09 05:28:29,BASIC,VPN Service,9.99,ACTIVE,True
SUB000131,USER8101,2024-01-09 08:16:55,PREMIUM,Analytics Dashboard,29.99,CANCELLED,True
SUB000132,USER8309,2024-01-09 11:17:42,FREE_TRIAL,Cloud Storage,0.0,ACTIVE,True
SUB000133,USER7942,2024-01-09 12:45:22,BASIC,Cloud Storage,9.99,ACTIVE,False
SUB000134,USER5451,2024-01-09 14:40:47,ENTERPRISE,Database Access,99.99,ACTIVE,True
SUB000135,USER6222,2024-01-09 15:18:58,ENTERPRISE,API Service,99.99,ACTIVE,False
SUB000136,USER2762,2024-01-09 16:13:56,BASIC,API Service,9.99,ACTIVE,False
SUB000137,USER7275,2024-01-09 17:13:31,ENTERPRISE,Backup Service,99.99,ACTIVE,False
SUB000138,USER8033,2024-01-09 19:48:06,ENTERPRISE,API Service,99.99,ACTIVE,True
SUB000139,USER4272,2024-01-09 20:51:49,BASIC,Backup Service,9.99,ACTIVE,True
SUB000140,USER6782,2024-01-09 23:07:52,BASIC,VPN Service,9.99,ACTIVE,True
SUB000141,USER7126,2024-01-10 00:14:40,BASIC,VPN Service,9.99,PENDING,True
SUB000142,USER2052,2024-01-10 00:27:22,BASIC,Email Service,9.99,CANCELLED,True
SUB000143,USER8363,2024-01-10 07:02:30,PREMIUM,VPN Service,29.99,CANCELLED,False
SUB000144,USER3740,2024-01-10 08:29:12,PREMIUM,VPN Service,29.99,ACTIVE,False
SUB000145,USER1553,2024-01-10 08:31:28,BASIC,Cloud Storage,9.99,ACTIVE,True
SUB000146,USER9378,2024-01-10 09:42:06,FREE_TRIAL,Email Service,0.0,PENDING,True
SUB000147,USER5146,2024-01-10 11:39:49,BASIC,Cloud Storage,9.99,CANCELLED,False
SUB000148,USER7714,2024-01-10 11:49:35,BASIC,Database Access,9.99,SUSPENDED,True
SUB000149,USER5808,2024-01-10 14:07:36,BASIC,Backup Service,9.99,ACTIVE,True
SUB000150,USER9691,2024-01-10 15:18:04,PREMIUM,Backup Service,29.99,ACTIVE,True
SUB000151,USER6771,2024-01-10 16:48:07,PREMIUM,Database Access,29.99,SUSPENDED,True
SUB000152,USER7525,2024-01-10 17:29:27,BASIC,Backup Service,9.99,ACTIVE,True
SUB000153,USER1490,2024-01-10 18:27:46,BASIC,Email Service,9.99,ACTIVE,True
SUB000154,USER2878,2024-01-10 18:59:40,ENTERPRISE,Email Service,99.99,CANCELLED,True
SUB000155,USER3947,2024-01-10 20:15:33,FREE_TRIAL,VPN Service,0.0,SUSPENDED,True
SUB000156,USER6286,2024-01-10 23:21:53,BASIC,Backup Service,9.99,ACTIVE,True
SUB000157,USER8035,2024-01-10 23:59:56,BASIC,Database Access,9.99,ACTIVE,True
SUB000158,USER4046,2024-01-11 02:57:03,PREMIUM,Analytics Dashboard,29.99,PENDING,True
SUB000159,USER6861,2024-01-11 03:44:28,ENTERPRISE,API Service,99.99,ACTIVE,True
SUB000160,USER5019,2024-01-11 04:38:34,BASIC,VPN Service,9.99,SUSPENDED,False
SUB000161,USER2190,2024-01-11 04:51:40,FREE_TRIAL,API Service,0.0,SUSPENDED,True
SUB000162,USER4525,2024-01-11 05:32:21,PREMIUM,Database Access,29.99,SUSPENDED,True
SUB000163,USER7089,2024-01-11 06:53:35,PREMIUM,Backup Service,29.99,SUSPENDED,False
SUB000164,USER7094,2024-01-11 07:42:27,PREMIUM,Backup Service,29.99,ACTIVE,False
SUB000165,USER3376,2024-01-11 08:51:48,FREE_TRIAL,API Service,0.0,ACTIVE,False
SUB000166,USER6151,2024-01-11 11:49:49,ENTERPRISE,Analytics Dashboard,99.99,ACTIVE,True
SUB000167,USER3003,2024-01-11 13:13:35,BASIC,Backup Service,9.99,ACTIVE,True
SUB000168,USER1157,2024-01-11 13:25:51,BASIC,Analytics Dashboard,9.99,ACTIVE,False
SUB000169,USER6219,2024-01-11 13:58:03,PREMIUM,Cloud Storage,29.99,ACTIVE,False
SUB000170,USER1178,2024-01-11 16:05:56,BASIC,Email Service,9.99,CANCELLED,False
SUB000171,USER6388,2024-01-11 18:37:22,ENTERPRISE,API Service,99.99,ACTIVE,True
SUB000172,USER4502,2024-01-11 23:07:44,ENTERPRISE,Backup Service,99.99,ACTIVE,True
SUB000173,USER8624,2024-01-11 23:53:39,ENTERPRISE,Analytics Dashboard,99.99,ACTIVE,True
SUB000174,USER6268,2024-01-12 09:10:07,FREE_TRIAL,Backup Service,0.0,ACTIVE,True
SUB000175,USER4811,2024-01-12 09:53:33,BASIC,Email Service,9.99,ACTIVE,True
SUB000176,USER2085,2024-01-12 13:36:34,ENTERPRISE,Email Service,99.99,ACTIVE,True
SUB000177,USER7317,2024-01-12 13:45:39,ENTERPRISE,Cloud Storage,99.99,ACTIVE,True
SUB000178,USER5646,2024-01-12 20:30:38,BASIC,Email Service,9.99,CANCELLED,True
SUB000179,USER4476,2024-01-12 21:41:29,ENTERPRISE,Email Service,99.99,PENDING,True
SUB000180,USER9638,2024-01-13 00:31:46,BASIC,VPN Service,9.99,PENDING,False
SUB000181,USER4562,2024-01-13 00:37:19,ENTERPRISE,Database Access,99.99,ACTIVE,False
SUB000182,USER2686,2024-01-13 02:49:45,PREMIUM,Backup Service,29.99,ACTIVE,True
SUB000183,USER5555,2024-01-13 02:58:53,BASIC,Cloud Storage,9.99,ACTIVE,True
SUB000184,USER2225,2024-01-13 03:57:16,PREMIUM,Cloud Storage,29.99,ACTIVE,False
SUB000185,USER7909,2024-01-13 04:40:36,PREMIUM,API Service,29.99,ACTIVE,True
SUB000186,USER8130,2024-01-13 04:48:00,BASIC,Email Service,9.99,ACTIVE,True
SUB000187,USER6206,2024-01-13 08:35:34,BASIC,API Service,9.99,SUSPENDED,True
SUB000188,USER6244,2024-01-13 10:28:11,PREMIUM,VPN Service,29.99,ACTIVE,True
SUB000189,USER4246,2024-01-13 10:36:49,PREMIUM,Analytics Dashboard,29.99,ACTIVE,True
SUB000190,USER4229,2024-01-13 10:48:11,ENTERPRISE,Email Service,99.99,ACTIVE,True
SUB000191,USER1813,2024-01-13 11:48:34,FREE_TRIAL,Analytics Dashboard,0.0,ACTIVE,True
SUB000192,USER9092,2024-01-13 13:59:04,PREMIUM,Database Access,29.99,CANCELLED,True
SUB000193,USER9169,2024-01-13 18:02:42,ENTERPRISE,VPN Service,99.99,ACTIVE,True
SUB000194,USER1766,2024-01-13 19:03:34,PREMIUM,Email Service,29.99,ACTIVE,True
SUB000195,USER5496,2024-01-13 20:37:15,ENTERPRISE,API Service,99.99,ACTIVE,True
SUB000196,USER7901,2024-01-13 22:08:49,BASIC,API Service,9.99,ACTIVE,True
SUB000197,USER2953,2024-01-13 22:14:18,BASIC,Email Service,9.99,ACTIVE,True
SUB000198,USER3033,2024-01-13 22:35:15,PREMIUM,Backup Service,29.99,PENDING,True
SUB000199,USER8418,2024-01-14 02:48:08,BASIC,API Service,9.99,PENDING,True
SUB000200,USER3803,2024-01-14 05:09:30,ENTERPRISE,Backup Service,99.99,SUSPENDED,True
SUB000201,USER6355,2024-01-14 06:39:35,ENTERPRISE,Email Service,99.99,ACTIVE,True
SUB000202,USER7272,2024-01-14 07:36:56,BASIC,Cloud Storage,9.99,ACTIVE,True
SUB000203,USER4873,2024-01-14 09:48:30,PREMIUM,API Service,29.99,ACTIVE,True
SUB000204,USER1348,2024-01-14 11:05:22,ENTERPRISE,Backup Service,99.99,CANCELLED,True
SUB000205,USER5670,2024-01-14 13:29:01,ENTERPRISE,Email Service,99.99,SUSPENDED,True
SUB000206,USER1292,2024-01-14 13:50:46,BASIC,Email Service,9.99,CANCELLED,True
SUB000207,USER1076,2024-01-14 15:19:50,BASIC,Backup Service,9.99,ACTIVE,True
SUB000208,USER8565,2024-01-14 16:47:01,PREMIUM,API Service,29.99,ACTIVE,True
SUB000209,USER5659,2024-01-14 16:51:50,PREMIUM,Cloud Storage,29.99,ACTIVE,True
SUB000210,USER3147,2024-01-14 17:08:07,BASIC,API Service,9.99,ACTIVE,False
SUB000211,USER7599,2024-01-14 18:58:05,BASIC,Email Service,9.99,ACTIVE,True
SUB000212,USER1606,2024-01-14 20:22:11,ENTERPRISE,Cloud Storage,99.99,ACTIVE,True
SUB000213,USER9740,2024-01-14 21:30:20,PREMIUM,Analytics Dashboard,29.99,SUSPENDED,True
SUB000214,USER9642,2024-01-14 22:16:39,FREE_TRIAL,Database Access,0.0,ACTIVE,True
SUB000215,USER1640,2024-01-15 03:01:31,ENTERPRISE,API Service,99.99,ACTIVE,False
SUB000216,USER6527,2024-01-15 03:57:39,FREE_TRIAL,VPN Service,0.0,ACTIVE,True
SUB000217,USER1266,2024-01-15 09:58:07,BASIC,Email Service,9.99,ACTIVE,True
SUB000218,USER2137,2024-01-15 11:27:29,ENTERPRISE,Cloud Storage,99.99,SUSPENDED,True
SUB000219,USER8698,2024-01-15 11:33:12,BASIC,Backup Service,9.99,ACTIVE,True
SUB000220,USER2558,2024-01-15 13:25:16,PREMIUM,Backup Service,29.99,ACTIVE,True
SUB000221,USER7800,2024-01-15 16:08:53,PREMIUM,Backup Service,29.99,CANCELLED,True
SUB000222,USER5931,2024-01-15 17:11:24,BASIC,Cloud Storage,9.99,ACTIVE,False
SUB000223,USER5500,2024-01-15 23:59:15,ENTERPRISE,Analytics Dashboard,99.99,ACTIVE,True
SUB000224,USER6196,2024-01-16 01:10:18,ENTERPRISE,API Service,99.99,SUSPENDED,True
SUB000225,USER6665,2024-01-16 04:14:40,BASIC,VPN Service,9.99,CANCELLED,True
SUB000226,USER7559,2024-01-16 04:17:46,PREMIUM,Backup Service,29.99,ACTIVE,True
SUB000227,USER2306,2024-01-16 05:40:51,BASIC,Cloud Storage,9.99,ACTIVE,True
SUB000228,USER6131,2024-01-16 05:52:15,PREMIUM,Backup Service,29.99,ACTIVE,True
SUB000229,USER9090,2024-01-16 07:03:38,ENTERPRISE,Analytics Dashboard,99.99,SUSPENDED,True
SUB000230,USER1771,2024-01-16 08:05:13,BASIC,Email Service,9.99,ACTIVE,True
SUB000231,USER7444,2024-01-16 08:05:55,FREE_TRIAL,Backup Service,0.0,SUSPENDED,False
SUB000232,USER5889,2024-01-16 10:03:36,BASIC,Analytics Dashboard,9.99,CANCELLED,True
SUB000233,USER8447,2024-01-16 12:02:44,PREMIUM,API Service,29.99,CANCELLED,True
SUB000234,USER9082,2024-01-16 12:18:27,PREMIUM,Backup Service,29.99,ACTIVE,True
SUB000235,USER2989,2024-01-16 14:43:18,BASIC,Analytics Dashboard,9.99,ACTIVE,True
SUB000236,USER7126,2024-01-16 16:22:22,BASIC,Cloud Storage,9.99,ACTIVE,True
SUB000237,USER2683,2024-01-16 16:35:54,ENTERPRISE,Cloud Storage,99.99,SUSPENDED,True
SUB000238,USER1479,2024-01-16 22:50:16,ENTERPRISE,Database Access,99.99,ACTIVE,True
SUB000239,USER4670,2024-01-17 00:38:17,BASIC,Analytics Dashboard,9.99,ACTIVE,True
SUB000240,USER1783,2024-01-17 02:11:41,PREMIUM,Email Service,29.99,ACTIVE,False
SUB000241,USER1170,2024-01-17 04:35:47,BASIC,Backup Service,9.99,ACTIVE,True
SUB000242,USER3273,2024-01-17 04:36:31,BASIC,VPN Service,9.99,ACTIVE,True
SUB000243,USER2722,2024-01-17 06:23:34,PREMIUM,VPN Service,29.99,ACTIVE,True
SUB000244,USER6289,2024-01-17 07:41:22,BASIC,API Service,9.99,ACTIVE,True
SUB000245,USER8138,2024-01-17 08:08:44,ENTERPRISE,Database Access,99.99,ACTIVE,True
SUB000246,USER4708,2024-01-17 08:10:24,ENTERPRISE,Analytics Dashboard,99.99,ACTIVE,True
SUB000247,USER3788,2024-01-17 09:06:07,FREE_TRIAL,Email Service,0.0,CANCELLED,True
SUB000248,USER2442,2024-01-17 14:20:17,PREMIUM,Database Access,29.99,CANCELLED,True
SUB000249,USER4131,2024-01-17 14:37:20,FREE_TRIAL,Cloud Storage,0.0,ACTIVE,True
SUB000250,USER7043,2024-01-17 14:44:20,PREMIUM,API Service,29.99,ACTIVE,True
SUB000251,USER9807,2024-01-17 15:08:47,PREMIUM,Backup Service,29.99,SUSPENDED,True
SUB000252,USER1080,2024-01-17 16:37:32,FREE_TRIAL,Backup Service,0.0,ACTIVE,False
SUB000253,USER1860,2024-01-17 18:41:49,PREMIUM,Backup Service,29.99,ACTIVE,False
SUB000254,USER5254,2024-01-17 19:32:19,BASIC,Analytics Dashboard,9.99,ACTIVE,False
SUB000255,USER1705,2024-01-17 21:45:22,ENTERPRISE,VPN Service,99.99,ACTIVE,True
SUB000256,USER2815,2024-01-17 21:49:04,FREE_TRIAL,Email Service,0.0,ACTIVE,True
SUB000257,USER1786,2024-01-17 23:37:17,ENTERPRISE,Backup Service,99.99,CANCELLED,True
SUB000258,USER5985,2024-01-17 23:45:48,PREMIUM,Backup Service,29.99,SUSPENDED,True
SUB000259,USER2229,2024-01-18 02:41:03,PREMIUM,Cloud Storage,29.99,ACTIVE,True
SUB000260,USER5320,2024-01-18 04:05:45,FREE_TRIAL,Database Access,0.0,ACTIVE,True
SUB000261,USER6395,2024-01-18 06:12:16,BASIC,Backup Service,9.99,ACTIVE,True
SUB000262,USER7218,2024-01-18 06:30:30,PREMIUM,API Service,29.99,ACTIVE,True
SUB000263,USER5422,2024-01-18 07:22:40,BASIC,Database Access,9.99,ACTIVE,True
SUB000264,USER3790,2024-01-18 10:01:14,PREMIUM,VPN Service,29.99,ACTIVE,True
SUB000265,USER3257,2024-01-18 11:59:01,PREMIUM,Database Access,29.99,CANCELLED,True
SUB000266,USER8548,2024-01-18 14:21:06,BASIC,Email Service,9.99,ACTIVE,False
SUB000267,USER2964,2024-01-18 15:18:06,BASIC,Cloud Storage,9.99,CANCELLED,True
SUB000268,USER3069,2024-01-18 15:20:41,PREMIUM,Analytics Dashboard,29.99,ACTIVE,True
SUB000269,USER6231,2024-01-18 16:04:58,BASIC,Email Service,9.99,ACTIVE,True
SUB000270,USER3424,2024-01-18 16:06:03,BASIC,VPN Service,9.99,ACTIVE,True
SUB000271,USER7771,2024-01-18 18:15:54,ENTERPRISE,API Service,99.99,ACTIVE,True
SUB000272,USER8320,2024-01-18 22:59:30,BASIC,VPN Service,9.99,CANCELLED,True
SUB000273,USER3004,2024-01-18 23:07:54,PREMIUM,VPN Service,29.99,ACTIVE,True
SUB000274,USER9548,2024-01-19 00:25:49,FREE_TRIAL,Database Access,0.0,ACTIVE,True
SUB000275,USER9644,2024-01-19 02:08:50,BASIC,API Service,9.99,ACTIVE,True
SUB000276,USER4940,2024-01-19 03:03:31,BASIC,Email Service,9.99,ACTIVE,True
SUB000277,USER8830,2024-01-19 03:08:51,PREMIUM,VPN Service,29.99,ACTIVE,True
SUB000278,USER9029,2024-01-19 03:41:19,ENTERPRISE,Email Service,99.99,ACTIVE,True
SUB000279,USER5596,2024-01-19 04:06:46,FREE_TRIAL,Backup Service,0.0,PENDING,True
SUB000280,USER6274,2024-01-19 06:48:01,FREE_TRIAL,Backup Service,0.0,SUSPENDED,True
SUB000281,USER8908,2024-01-19 10:29:45,ENTERPRISE,Backup Service,99.99,ACTIVE,False
SUB000282,USER4700,2024-01-19 12:02:39,BASIC,Analytics Dashboard,9.99,ACTIVE,True
SUB000283,USER2504,2024-01-19 12:19:52,BASIC,Database Access,9.99,ACTIVE,True
SUB000284,USER5322,2024-01-19 12:55:14,BASIC,Email Service,9.99,ACTIVE,True
SUB000285,USER5853,2024-01-19 15:44:21,BASIC,Backup Service,9.99,CANCELLED,True
SUB000286,USER2356,2024-01-19 16:23:08,ENTERPRISE,Backup Service,99.99,SUSPENDED,True
SUB000287,USER6783,2024-01-19 19:20:06,PREMIUM,API Service,29.99,ACTIVE,True
SUB000288,USER4971,2024-01-19 19:26:55,BASIC,VPN Service,9.99,ACTIVE,False
SUB000289,USER4373,2024-01-19 19:53:25,ENTERPRISE,Backup Service,99.99,PENDING,True
SUB000290,USER2278,2024-01-19 21:20:53,BASIC,Analytics Dashboard,9.99,PENDING,True
SUB000291,USER2231,2024-01-19 21:32:47,PREMIUM,API Service,29.99,ACTIVE,False
SUB000292,USER9103,2024-01-19 22:22:13,PREMIUM,Database Access,29.99,ACTIVE,True
SUB000293,USER1987,2024-01-19 23:36:49,PREMIUM,Analytics Dashboard,29.99,ACTIVE,True
SUB000294,USER4481,2024-01-20 00:07:19,PREMIUM,Analytics Dashboard,29.99,CANCELLED,True
SUB000295,USER1215,2024-01-20 02:56:35,BASIC,Analytics Dashboard,9.99,ACTIVE,True
SUB000296,USER4541,2024-01-20 03:46:02,PREMIUM,VPN Service,29.99,SUSPENDED,True
SUB000297,USER8670,2024-01-20 03:52:18,ENTERPRISE,Backup Service,99.99,ACTIVE,True
SUB000298,USER7308,2024-01-20 06:10:40,FREE_TRIAL,Cloud Storage,0.0,ACTIVE,False
SUB000299,USER4078,2024-01-20 08:30:29,PREMIUM,Analytics Dashboard,29.99,ACTIVE,True
SUB000300,USER8989,2024-01-20 09:50:15,PREMIUM,API Service,29.99,CANCELLED,True
SUB000301,USER2712,2024-01-20 09:50:20,ENTERPRISE,API Service,99.99,ACTIVE,True
SUB000302,USER6577,2024-01-20 11:36:41,FREE_TRIAL,Database Access,0.0,SUSPENDED,True
SUB000303,USER4418,2024-01-20 12:30:42,BASIC,Email Service,9.99,ACTIVE,True
SUB000304,USER9644,2024-01-20 15:42:33,PREMIUM,Email Service,29.99,CANCELLED,True
SUB000305,USER9420,2024-01-20 17:42:10,ENTERPRISE,Cloud Storage,99.99,CANCELLED,True
SUB000306,USER6134,2024-01-20 17:54:08,PREMIUM,VPN Service,29.99,ACTIVE,True
SUB000307,USER6108,2024-01-20 17:57:36,BASIC,Backup Service,9.99,CANCELLED,True
SUB000308,USER8438,2024-01-20 20:29:31,PREMIUM,VPN Service,29.99,ACTIVE,False
SUB000309,USER3523,2024-01-20 21:11:36,BASIC,Backup Service,9.99,ACTIVE,True
SUB000310,USER9265,2024-01-20 21:28:54,PREMIUM,Analytics Dashboard,29.99,ACTIVE,True
SUB000311,USER2731,2024-01-20 22:12:07,PREMIUM,Backup Service,29.99,CANCELLED,False
SUB000312,USER3130,2024-01-21 00:15:08,ENTERPRISE,Cloud Storage,99.99,CANCELLED,True
SUB000313,USER4584,2024-01-21 01:11:43,PREMIUM,Database Access,29.99,ACTIVE,False
SUB000314,USER6957,2024-01-21 01:14:07,BASIC,Database Access,9.99,SUSPENDED,True
SUB000315,USER7317,2024-01-21 02:04:59,BASIC,Email Service,9.99,ACTIVE,True
SUB000316,USER8412,2024-01-21 03:39:39,ENTERPRISE,Database Access,99.99,CANCELLED,False
SUB000317,USER9412,2024-01-21 06:57:11,BASIC,Analytics Dashboard,9.99,ACTIVE,True
SUB000318,USER4326,2024-01-21 07:18:08,PREMIUM,API Service,29.99,ACTIVE,False
SUB000319,USER7556,2024-01-21 11:30:33,BASIC,Database Access,9.99,ACTIVE,False
SUB000320,USER4079,2024-01-21 12:38:22,ENTERPRISE,Cloud Storage,99.99,ACTIVE,False
SUB000321,USER2124,2024-01-21 12:55:04,PREMIUM,Analytics Dashboard,29.99,ACTIVE,True
SUB000322,USER5552,2024-01-21 13:56:18,BASIC,Database Access,9.99,ACTIVE,True
SUB000323,USER7931,2024-01-21 14:47:53,BASIC,VPN Service,9.99,ACTIVE,True
SUB000324,USER3690,2024-01-21 15:24:30,ENTERPRISE,Backup Service,99.99,PENDING,False
SUB000325,USER6032,2024-01-21 16:31:12,PREMIUM,Database Access,29.99,ACTIVE,True
SUB000326,USER2672,2024-01-21 17:46:26,ENTERPRISE,VPN Service,99.99,PENDING,True
SUB000327,USER3413,2024-01-21 17:51:06,ENTERPRISE,Analytics Dashboard,99.99,ACTIVE,True
SUB000328,USER8552,2024-01-21 21:06:13,FREE_TRIAL,Database Access,0.0,ACTIVE,True
SUB000329,USER2755,2024-01-21 21:12:04,BASIC,VPN Service,9.99,ACTIVE,True
SUB000330,USER2805,2024-01-22 00:03:16,FREE_TRIAL,API Service,0.0,SUSPENDED,True
SUB000331,USER4941,2024-01-22 00:29:51,BASIC,Email Service,9.99,SUSPENDED,False
SUB000332,USER1271,2024-01-22 03:22:44,BASIC,Analytics Dashboard,9.99,ACTIVE,True
SUB000333,USER8550,2024-01-22 03:31:59,ENTERPRISE,VPN Service,99.99,ACTIVE,False
SUB000334,USER4064,2024-01-22 03:35:57,BASIC,Cloud Storage,9.99,ACTIVE,True
SUB000335,USER5370,2024-01-22 04:33:18,BASIC,Database Access,9.99,ACTIVE,True
SUB000336,USER1468,2024-01-22 04:38:16,BASIC,VPN Service,9.99,SUSPENDED,True
SUB000337,USER8802,2024-01-22 05:56:19,PREMIUM,Backup Service,29.99,ACTIVE,True
SUB000338,USER9698,2024-01-22 06:16:30,PREMIUM,VPN Service,29.99,ACTIVE,True
SUB000339,USER8416,2024-01-22 06:51:39,ENTERPRISE,VPN Service,99.99,SUSPENDED,True
SUB000340,USER6766,2024-01-22 07:01:18,ENTERPRISE,Backup Service,99.99,PENDING,True
SUB000341,USER5351,2024-01-22 08:05:15,PREMIUM,Email Service,29.99,ACTIVE,True
SUB000342,USER2938,2024-01-22 08:25:24,BASIC,Backup Service,9.99,ACTIVE,True
SUB000343,USER2377,2024-01-22 08:33:20,FREE_TRIAL,Backup Service,0.0,ACTIVE,True
SUB000344,USER6806,2024-01-22 15:13:10,BASIC,Cloud Storage,9.99,ACTIVE,True
SUB000345,USER8069,2024-01-22 15:20:48,BASIC,Backup Service,9.99,ACTIVE,True
SUB000346,USER4474,2024-01-22 15:31:50,BASIC,Cloud Storage,9.99,CANCELLED,True
SUB000347,USER3467,2024-01-22 19:07:27,PREMIUM,API Service,29.99,SUSPENDED,False
SUB000348,USER7503,2024-01-22 19:28:02,BASIC,Backup Service,9.99,ACTIVE,True
SUB000349,USER9227,2024-01-22 20:02:40,BASIC,Email Service,9.99,ACTIVE,True
SUB000350,USER8059,2024-01-22 20:24:27,BASIC,Backup Service,9.99,ACTIVE,True
SUB000351,USER9321,2024-01-22 23:58:46,BASIC,VPN Service,9.99,ACTIVE,True
SUB000352,USER6467,2024-01-23 01:22:04,PREMIUM,Analytics Dashboard,29.99,ACTIVE,True
SUB000353,USER1870,2024-01-23 01:44:13,ENTERPRISE,Email Service,99.99,ACTIVE,True
SUB000354,USER8230,2024-01-23 03:28:14,ENTERPRISE,Backup Service,99.99,ACTIVE,True
SUB000355,USER5466,2024-01-23 03:29:26,BASIC,Email Service,9.99,ACTIVE,True
SUB000356,USER7058,2024-01-23 03:37:30,BASIC,Cloud Storage,9.99,ACTIVE,True
SUB000357,USER2602,2024-01-23 04:27:44,FREE_TRIAL,API Service,0.0,ACTIVE,True
SUB000358,USER1805,2024-01-23 04:46:11,BASIC,API Service,9.99,ACTIVE,True
SUB000359,USER7267,2024-01-23 08:17:40,ENTERPRISE,Email Service,99.99,ACTIVE,False
SUB000360,USER7923,2024-01-23 09:07:21,BASIC,Email Service,9.99,ACTIVE,True
SUB000361,USER4177,2024-01-23 14:41:48,FREE_TRIAL,Backup Service,0.0,ACTIVE,False
SUB000362,USER5816,2024-01-23 15:00:20,BASIC,Database Access,9.99,ACTIVE,True
SUB000363,USER4103,2024-01-23 16:49:42,PREMIUM,VPN Service,29.99,PENDING,True
SUB000364,USER7597,2024-01-23 17:32:15,ENTERPRISE,Cloud Storage,99.99,ACTIVE,True
SUB000365,USER3894,2024-01-23 22:20:57,PREMIUM,VPN Service,29.99,ACTIVE,True
SUB000366,USER5520,2024-01-23 22:58:54,BASIC,Analytics Dashboard,9.99,ACTIVE,True
SUB000367,USER9676,2024-01-23 23:52:22,PREMIUM,Analytics Dashboard,29.99,ACTIVE,True
SUB000368,USER9087,2024-01-24 00:35:30,ENTERPRISE,API Service,99.99,CANCELLED,True
SUB000369,USER9497,2024-01-24 00:51:31,BASIC,Cloud Storage,9.99,SUSPENDED,True
SUB000370,USER8103,2024-01-24 03:08:55,BASIC,VPN Service,9.99,ACTIVE,True
SUB000371,USER2788,2024-01-24 04:10:33,PREMIUM,API Service,29.99,ACTIVE,True
SUB000372,USER1817,2024-01-24 04:24:48,BASIC,Analytics Dashboard,9.99,ACTIVE,True
SUB000373,USER5078,2024-01-24 05:14:06,PREMIUM,Email Service,29.99,ACTIVE,True
SUB000374,USER2819,2024-01-24 05:55:54,BASIC,Cloud Storage,9.99,ACTIVE,True
SUB000375,USER4597,2024-01-24 06:00:27,PREMIUM,Cloud Storage,29.99,ACTIVE,True
SUB000376,USER2887,2024-01-24 07:00:02,BASIC,VPN Service,9.99,ACTIVE,False
SUB000377,USER1870,2024-01-24 07:21:40,PREMIUM,Backup Service,29.99,ACTIVE,False
SUB000378,USER1584,2024-01-24 07:46:04,BASIC,Database Access,9.99,CANCELLED,True
SUB000379,USER5361,2024-01-24 13:01:00,BASIC,VPN Service,9.99,ACTIVE,True
SUB000380,USER4911,2024-01-24 15:18:08,BASIC,Email Service,9.99,ACTIVE,True
SUB000381,USER2078,2024-01-24 17:38:58,FREE_TRIAL,Backup Service,0.0,ACTIVE,True
SUB000382,USER9718,2024-01-24 18:58:52,BASIC,Backup Service,9.99,ACTIVE,True
SUB000383,USER2655,2024-01-24 23:05:58,ENTERPRISE,Backup Service,99.99,SUSPENDED,True
SUB000384,USER5513,2024-01-25 09:26:28,BASIC,Email Service,9.99,ACTIVE,True
SUB000385,USER4710,2024-01-25 10:16:43,BASIC,API Service,9.99,SUSPENDED,True
SUB000386,USER7628,2024-01-25 11:14:29,PREMIUM,Cloud Storage,29.99,ACTIVE,True
SUB000387,USER7421,2024-01-25 11:38:40,PREMIUM,API Service,29.99,SUSPENDED,True
SUB000388,USER7437,2024-01-25 12:45:30,FREE_TRIAL,Email Service,0.0,CANCELLED,True
SUB000389,USER2659,2024-01-25 16:29:53,FREE_TRIAL,Database Access,0.0,ACTIVE,True
SUB000390,USER4602,2024-01-25 17:18:21,ENTERPRISE,Cloud Storage,99.99,ACTIVE,True
SUB000391,USER5395,2024-01-25 17:36:02,PREMIUM,Email Service,29.99,CANCELLED,True
SUB000392,USER9112,2024-01-25 17:50:31,PREMIUM,Database Access,29.99,ACTIVE,False
SUB000393,USER4370,2024-01-25 21:19:59,BASIC,VPN Service,9.99,ACTIVE,True
SUB000394,USER3802,2024-01-25 21:22:46,FREE_TRIAL,Analytics Dashboard,0.0,ACTIVE,True
SUB000395,USER4335,2024-01-25 21:58:56,PREMIUM,Backup Service,29.99,ACTIVE,True
SUB000396,USER6695,2024-01-25 22:15:02,PREMIUM,Email Service,29.99,ACTIVE,True
SUB000397,USER5718,2024-01-25 23:32:50,BASIC,Analytics Dashboard,9.99,ACTIVE,True
SUB000398,USER5718,2024-01-26 00:55:46,BASIC,API Service,9.99,ACTIVE,True
SUB000399,USER1050,2024-01-26 02:28:27,FREE_TRIAL,Analytics Dashboard,0.0,ACTIVE,True
SUB000400,USER2544,2024-01-26 03:35:24,BASIC,Email Service,9.99,CANCELLED,True
SUB000401,USER4032,2024-01-26 05:58:23,PREMIUM,Analytics Dashboard,29.99,ACTIVE,False
SUB000402,USER9245,2024-01-26 06:34:38,BASIC,Backup Service,9.99,PENDING,True
SUB000403,USER8811,2024-01-26 09:00:29,ENTERPRISE,Cloud Storage,99.99,PENDING,True
SUB000404,USER6002,2024-01-26 09:21:20,BASIC,Email Service,9.99,SUSPENDED,True
SUB000405,USER4909,2024-01-26 10:32:45,ENTERPRISE,Database Access,99.99,CANCELLED,True
SUB000406,USER3789,2024-01-26 11:21:26,BASIC,Analytics Dashboard,9.99,SUSPENDED,True
SUB000407,USER6162,2024-01-26 12:12:53,ENTERPRISE,Cloud Storage,99.99,CANCELLED,True
SUB000408,USER2137,2024-01-26 12:41:25,ENTERPRISE,Backup Service,99.99,ACTIVE,False
SUB000409,USER3730,2024-01-26 13:06:08,BASIC,API Service,9.99,ACTIVE,True
SUB000410,USER4069,2024-01-26 16:42:49,PREMIUM,API Service,29.99,SUSPENDED,False
SUB000411,USER6442,2024-01-26 18:57:39,BASIC,Backup Service,9.99,ACTIVE,True
SUB000412,USER8458,2024-01-27 00:23:13,BASIC,Analytics Dashboard,9.99,CANCELLED,False
SUB000413,USER3323,2024-01-27 00:59:11,ENTERPRISE,API Service,99.99,CANCELLED,True
SUB000414,USER1208,2024-01-27 01:17:17,PREMIUM,Database Access,29.99,ACTIVE,True
SUB000415,USER8775,2024-01-27 01:19:28,BASIC,Email Service,9.99,CANCELLED,True
SUB000416,USER8011,2024-01-27 04:02:15,BASIC,Cloud Storage,9.99,ACTIVE,True
SUB000417,USER6473,2024-01-27 06:36:52,BASIC,VPN Service,9.99,ACTIVE,True
SUB000418,USER1341,2024-01-27 07:56:18,ENTERPRISE,Analytics Dashboard,99.99,ACTIVE,True
SUB000419,USER3908,2024-01-27 08:45:09,BASIC,API Service,9.99,ACTIVE,True
SUB000420,USER5322,2024-01-27 09:59:53,FREE_TRIAL,Email Service,0.0,ACTIVE,True
SUB000421,USER2261,2024-01-27 13:09:01,FREE_TRIAL,VPN Service,0.0,ACTIVE,True
SUB000422,USER3797,2024-01-27 13:35:28,BASIC,Database Access,9.99,ACTIVE,True
SUB000423,USER1159,2024-01-27 13:37:46,BASIC,API Service,9.99,SUSPENDED,True
SUB000424,USER6769,2024-01-27 15:33:46,ENTERPRISE,API Service,99.99,ACTIVE,True
SUB000425,USER8763,2024-01-27 16:48:10,BASIC,Cloud Storage,9.99,ACTIVE,True
SUB000426,USER1016,2024-01-27 17:16:52,BASIC,Database Access,9.99,ACTIVE,True
SUB000427,USER9000,2024-01-27 18:48:14,BASIC,Database Access,9.99,CANCELLED,True
SUB000428,USER5055,2024-01-27 20:06:21,PREMIUM,Analytics Dashboard,29.99,CANCELLED,True
SUB000429,USER8742,2024-01-27 21:26:04,ENTERPRISE,VPN Service,99.99,ACTIVE,True
SUB000430,USER2792,2024-01-27 23:21:59,BASIC,Cloud Storage,9.99,ACTIVE,False
SUB000431,USER1740,2024-01-28 00:48:33,BASIC,Analytics Dashboard,9.99,CANCELLED,True
SUB000432,USER1284,2024-01-28 01:07:47,FREE_TRIAL,Cloud Storage,0.0,ACTIVE,True
SUB000433,USER5762,2024-01-28 02:04:04,ENTERPRISE,Database Access,99.99,ACTIVE,True
SUB000434,USER4740,2024-01-28 02:21:11,PREMIUM,Cloud Storage,29.99,ACTIVE,False
SUB000435,USER9606,2024-01-28 04:17:50,ENTERPRISE,Cloud Storage,99.99,ACTIVE,True
SUB000436,USER9243,2024-01-28 07:01:59,PREMIUM,Cloud Storage,29.99,SUSPENDED,True
SUB000437,USER3741,2024-01-28 11:34:45,ENTERPRISE,Email Service,99.99,ACTIVE,True
SUB000438,USER3401,2024-01-28 12:08:25,BASIC,Email Service,9.99,ACTIVE,True
SUB000439,USER2538,2024-01-28 12:43:43,BASIC,VPN Service,9.99,ACTIVE,True
SUB000440,USER2638,2024-01-28 13:03:35,ENTERPRISE,VPN Service,99.99,PENDING,True
SUB000441,USER5990,2024-01-28 13:18:20,PREMIUM,Backup Service,29.99,SUSPENDED,True
SUB000442,USER6499,2024-01-28 15:38:26,FREE_TRIAL,Database Access,0.0,SUSPENDED,False
SUB000443,USER8415,2024-01-28 16:13:22,BASIC,Cloud Storage,9.99,ACTIVE,True
SUB000444,USER9039,2024-01-28 16:58:24,FREE_TRIAL,Database Access,0.0,ACTIVE,True
SUB000445,USER6747,2024-01-28 17:13:26,FREE_TRIAL,Email Service,0.0,CANCELLED,True
SUB000446,USER9940,2024-01-28 17:26:25,BASIC,Cloud Storage,9.99,ACTIVE,True
SUB000447,USER5216,2024-01-28 18:38:17,ENTERPRISE,Analytics Dashboard,99.99,CANCELLED,False
SUB000448,USER8970,2024-01-28 19:24:31,PREMIUM,Email Service,29.99,ACTIVE,False
SUB000449,USER5153,2024-01-28 22:59:30,FREE_TRIAL,Email Service,0.0,ACTIVE,False
SUB000450,USER6968,2024-01-29 00:37:37,PREMIUM,Email Service,29.99,ACTIVE,False
SUB000451,USER8516,2024-01-29 03:33:06,ENTERPRISE,Backup Service,99.99,SUSPENDED,True
SUB000452,USER1222,2024-01-29 06:24:23,PREMIUM,Cloud Storage,29.99,CANCELLED,True
SUB000453,USER6777,2024-01-29 07:28:45,BASIC,VPN Service,9.99,ACTIVE,True
SUB000454,USER5933,2024-01-29 08:20:44,BASIC,API Service,9.99,ACTIVE,True
SUB000455,USER6467,2024-01-29 09:03:48,PREMIUM,Analytics Dashboard,29.99,CANCELLED,False
SUB000456,USER9484,2024-01-29 10:37:38,ENTERPRISE,Analytics Dashboard,99.99,ACTIVE,True
SUB000457,USER8935,2024-01-29 10:51:37,PREMIUM,Database Access,29.99,CANCELLED,True
SUB000458,USER2847,2024-01-29 11:22:12,PREMIUM,Cloud Storage,29.99,ACTIVE,False
SUB000459,USER5422,2024-01-29 13:22:08,BASIC,VPN Service,9.99,ACTIVE,True
SUB000460,USER9508,2024-01-29 14:00:10,PREMIUM,Email Service,29.99,ACTIVE,False
SUB000461,USER1339,2024-01-29 15:53:51,BASIC,API Service,9.99,ACTIVE,True
SUB000462,USER3423,2024-01-29 16:51:03,ENTERPRISE,Cloud Storage,99.99,ACTIVE,True
SUB000463,USER7722,2024-01-29 19:35:20,FREE_TRIAL,Cloud Storage,0.0,ACTIVE,True
SUB000464,USER4608,2024-01-29 20:23:30,PREMIUM,Backup Service,29.99,ACTIVE,True
SUB000465,USER3320,2024-01-29 21:40:54,BASIC,VPN Service,9.99,ACTIVE,True
SUB000466,USER6852,2024-01-29 22:09:45,BASIC,API Service,9.99,ACTIVE,True
SUB000467,USER9156,2024-01-29 22:33:24,PREMIUM,Email Service,29.99,CANCELLED,False
SUB000468,USER1506,2024-01-29 23:29:17,PREMIUM,Cloud Storage,29.99,ACTIVE,True
SUB000469,USER5003,2024-01-30 01:17:31,ENTERPRISE,Analytics Dashboard,99.99,ACTIVE,True
SUB000470,USER8056,2024-01-30 01:27:06,BASIC,Analytics Dashboard,9.99,ACTIVE,True
SUB000471,USER6888,2024-01-30 04:53:33,ENTERPRISE,API Service,99.99,ACTIVE,False
SUB000472,USER4380,2024-01-30 04:58:37,PREMIUM,Email Service,29.99,CANCELLED,True
SUB000473,USER2462,2024-01-30 07:42:17,BASIC,API Service,9.99,ACTIVE,True
SUB000474,USER4175,2024-01-30 08:41:01,PREMIUM,Cloud Storage,29.99,CANCELLED,True
SUB000475,USER7189,2024-01-30 09:38:19,BASIC,Backup Service,9.99,ACTIVE,True
SUB000476,USER2768,2024-01-30 11:08:29,PREMIUM,Backup Service,29.99,ACTIVE,False
SUB000477,USER5487,2024-01-30 11:15:51,ENTERPRISE,Analytics Dashboard,99.99,ACTIVE,True
SUB000478,USER9927,2024-01-30 13:43:37,PREMIUM,Backup Service,29.99,CANCELLED,True
SUB000479,USER8360,2024-01-30 16:05:09,ENTERPRISE,Database Access,99.99,CANCELLED,False
SUB000480,USER9632,2024-01-30 17:01:49,PREMIUM,API Service,29.99,ACTIVE,True
SUB000481,USER3866,2024-01-30 19:09:09,BASIC,Backup Service,9.99,CANCELLED,True
SUB000482,USER5346,2024-01-30 19:48:57,PREMIUM,Database Access,29.99,ACTIVE,True
SUB000483,USER6715,2024-01-30 21:09:29,PREMIUM,Database Access,29.99,CANCELLED,True
SUB000484,USER6426,2024-01-30 22:50:33,BASIC,VPN Service,9.99,ACTIVE,True
SUB000485,USER7406,2024-01-30 23:48:03,BASIC,Analytics Dashboard,9.99,ACTIVE,False
SUB000486,USER7836,2024-01-31 02:03:17,PREMIUM,API Service,29.99,ACTIVE,True
SUB000487,USER5526,2024-01-31 02:28:11,BASIC,Database Access,9.99,PENDING,True
SUB000488,USER6067,2024-01-31 03:14:19,BASIC,Cloud Storage,9.99,CANCELLED,True
SUB000489,USER4122,2024-01-31 04:02:52,PREMIUM,Backup Service,29.99,CANCELLED,True
SUB000490,USER1673,2024-01-31 09:39:01,BASIC,VPN Service,9.99,CANCELLED,True
SUB000491,USER9520,2024-01-31 13:38:47,FREE_TRIAL,Email Service,0.0,ACTIVE,True
SUB000492,USER6624,2024-01-31 14:58:26,BASIC,Backup Service,9.99,CANCELLED,True
SUB000493,USER3014,2024-01-31 15:08:14,ENTERPRISE,Backup Service,99.99,PENDING,True
SUB000494,USER8101,2024-01-31 16:54:46,PREMIUM,Backup Service,29.99,ACTIVE,True
SUB000495,USER8455,2024-01-31 17:34:51,ENTERPRISE,VPN Service,99.99,ACTIVE,True
SUB000496,USER6685,2024-01-31 18:31:23,BASIC,Email Service,9.99,ACTIVE,True
SUB000497,USER5725,2024-01-31 22:23:33,FREE_TRIAL,Analytics Dashboard,0.0,PENDING,True
SUB000498,USER2805,2024-01-31 23:55:39,PREMIUM,API Service,29.99,CANCELLED,True
SUB000499,USER1136,2024-01-31 23:56:46,ENTERPRISE,API Service,99.99,CANCELLED,True
SUB000500,USER9174,2024-01-31 23:59:43,BASIC,Email Service,9.99,CANCELLED,True
